JACKSON COUNTY, MICHIGAN	CENSUSYR	2010
BRAZORIA COUNTY, TEXAS	CENSUSYR	2010
ORANGE COUNTY, TEXAS	CENSUSYR	2010
ALBANY COUNTY, NEW YORK	CENSUSYR	2010
DUTCHESS COUNTY, NEW YORK	CENSUSYR	2010
MONTGOMERY COUNTY, NEW YORK	CENSUSYR	2010
WASHINGTON COUNTY, NEW YORK	CENSUSYR	2010
ALLEGANY COUNTY, NEW YORK	CENSUSYR	2010
CATTARAUGUS COUNTY, NEW YORK	CENSUSYR	2010
CAYUGA COUNTY, NEW YORK	CENSUSYR	2010
BROOME COUNTY, NEW YORK	CENSUSYR	2010
CHAUTAUQUA COUNTY, NEW YORK	CENSUSYR	2010
CHENANGO COUNTY, NEW YORK	CENSUSYR	2010
CLINTON COUNTY, NEW YORK	CENSUSYR	2010
CHEMUNG COUNTY, NEW YORK	CENSUSYR	2010
CORTLAND COUNTY, NEW YORK	CENSUSYR	2010
COLUMBIA COUNTY, NEW YORK	CENSUSYR	2010
DELAWARE COUNTY, NEW YORK	CENSUSYR	2010
ERIE COUNTY, NEW YORK	CENSUSYR	2010
ESSEX COUNTY, NEW YORK	CENSUSYR	2010
FRANKLIN COUNTY, NEW YORK	CENSUSYR	2010
FULTON COUNTY, NEW YORK	CENSUSYR	2010
GENESEE COUNTY, NEW YORK	CENSUSYR	2010
GREENE COUNTY, NEW YORK	CENSUSYR	2010
HAMILTON COUNTY, NEW YORK	CENSUSYR	2010
WARREN COUNTY, NEW YORK	CENSUSYR	2010
RENSSELAER COUNTY, NEW YORK	CENSUSYR	2010
PUTNAM COUNTY, NEW YORK	CENSUSYR	2010
JEFFERSON COUNTY, NEW YORK	CENSUSYR	2010
HERKIMER COUNTY, NEW YORK	CENSUSYR	2010
LEWIS COUNTY, NEW YORK	CENSUSYR	2010
LIVINGSTON COUNTY, NEW YORK	CENSUSYR	2010
MADISON COUNTY, NEW YORK	CENSUSYR	2010
ONTARIO COUNTY, NEW YORK	CENSUSYR	2010
ONEIDA COUNTY, NEW YORK	CENSUSYR	2010
ONONDAGA COUNTY, NEW YORK	CENSUSYR	2010
SCHENECTADY COUNTY, NEW YORK	CENSUSYR	2010
STEUBEN COUNTY, NEW YORK	CENSUSYR	2010
TIOGA COUNTY, NEW YORK	CENSUSYR	2010
ORLEANS COUNTY, NEW YORK	CENSUSYR	2010
OSWEGO COUNTY, NEW YORK	CENSUSYR	2010
OTSEGO COUNTY, NEW YORK	CENSUSYR	2010
SCHOHARIE COUNTY, NEW YORK	CENSUSYR	2010
SCHUYLER COUNTY, NEW YORK	CENSUSYR	2010
TOMPKINS COUNTY, NEW YORK	CENSUSYR	2010
SENECA COUNTY, NEW YORK	CENSUSYR	2010
SULLIVAN COUNTY, NEW YORK	CENSUSYR	2010
WYOMING COUNTY, NEW YORK	CENSUSYR	2010
YATES COUNTY, NEW YORK	CENSUSYR	2010
ULSTER COUNTY, NEW YORK	CENSUSYR	2010
CLINTON COUNTY, ILLINOIS	CENSUSYR	2010
DEWITT COUNTY, ILLINOIS	CENSUSYR	2010
CLINTON COUNTY, KENTUCKY	CENSUSYR	2010
CLINTON COUNTY, OHIO	CENSUSYR	2010
CLINTON COUNTY, INDIANA	CENSUSYR	2010
PUTNAM COUNTY, GEORGIA	CENSUSYR	2010
CLINTON COUNTY, IOWA	CENSUSYR	2010
PUTNAM COUNTY, ILLINOIS	CENSUSYR	2010
CLINTON COUNTY, MICHIGAN	CENSUSYR	2010
PUTNAM COUNTY, OHIO	CENSUSYR	2010
PUTNAM COUNTY, TENNESSEE	CENSUSYR	2010
ADAMS COUNTY, IDAHO	CENSUSYR	2010
PUTNAM COUNTY, INDIANA	CENSUSYR	2010
ADAMS COUNTY, IOWA	CENSUSYR	2010
ADAMS COUNTY, OHIO	CENSUSYR	2010
ADAMS COUNTY, NEBRASKA	CENSUSYR	2010
ADAMS COUNTY, MISSISSIPPI	CENSUSYR	2010
ADAMS COUNTY, WISCONSIN	CENSUSYR	2010
ADAMS COUNTY, INDIANA	CENSUSYR	2010
ADAMS COUNTY, ILLINOIS	CENSUSYR	2010
SOCORRO COUNTY, NEW MEXICO	CENSUSYR	2010
CLAY COUNTY, ILLINOIS	CENSUSYR	2010
CLAY COUNTY, MISSISSIPPI	CENSUSYR	2010
CLAY COUNTY, KANSAS	CENSUSYR	2010
CLAY COUNTY, NEBRASKA	CENSUSYR	2010
CLAY COUNTY, INDIANA	CENSUSYR	2010
CLAY COUNTY, NORTH CAROLINA	CENSUSYR	2010
CLAY COUNTY, TENNESSEE	CENSUSYR	2010
CLAY COUNTY, IOWA	CENSUSYR	2010
CLAY COUNTY, TEXAS	CENSUSYR	2010
CLAY COUNTY, KENTUCKY	CENSUSYR	2010
CLAY COUNTY, GEORGIA	CENSUSYR	2010
NEZ PERCE COUNTY, IDAHO	CENSUSYR	2010
MONTGOMERY COUNTY, GEORGIA	CENSUSYR	2010
MONTGOMERY COUNTY, ILLINOIS	CENSUSYR	2010
MONTGOMERY COUNTY, IOWA	CENSUSYR	2010
MONTGOMERY COUNTY, ARKANSAS	CENSUSYR	2015
MONTGOMERY COUNTY, KENTUCKY	CENSUSYR	2010
MONTGOMERY COUNTY, MISSISSIPPI	CENSUSYR	2010
MONTGOMERY COUNTY, KANSAS	CENSUSYR	2010
MONTGOMERY COUNTY, TENNESSEE	CENSUSYR	2010
LANCASTER COUNTY, NEBRASKA	CENSUSYR	2010
MONTGOMERY COUNTY, NORTH CAROLINA	CENSUSYR	2010
MONTGOMERY COUNTY, INDIANA	CENSUSYR	2010
POWESHIEK COUNTY, IOWA	CENSUSYR	2010
CARBON COUNTY, UTAH	CENSUSYR	2010
DAGGETT COUNTY, UTAH	CENSUSYR	2010
DAVIS COUNTY, UTAH	CENSUSYR	2010
CACHE COUNTY, UTAH	CENSUSYR	2010
BEAVER COUNTY, UTAH	CENSUSYR	2010
GARFIELD COUNTY, UTAH	CENSUSYR	2010
BOX ELDER COUNTY, UTAH	CENSUSYR	2010
DUCHESNE COUNTY, UTAH	CENSUSYR	2010
EMERY COUNTY, UTAH	CENSUSYR	2010
GRAND COUNTY, UTAH	CENSUSYR	2010
IRON COUNTY, UTAH	CENSUSYR	2010
KANE COUNTY, UTAH	CENSUSYR	2010
MORGAN COUNTY, UTAH	CENSUSYR	2010
PIUTE COUNTY, UTAH	CENSUSYR	2010
RICH COUNTY, UTAH	CENSUSYR	2010
MILLARD COUNTY, UTAH	CENSUSYR	2010
SEVIER COUNTY, UTAH	CENSUSYR	2010
WASATCH COUNTY, UTAH	CENSUSYR	2010
TOOELE COUNTY, UTAH	CENSUSYR	2010
SANPETE COUNTY, UTAH	CENSUSYR	2010
UTAH COUNTY, UTAH	CENSUSYR	2010
SUMMIT COUNTY, UTAH	CENSUSYR	2010
SAN JUAN COUNTY, UTAH	CENSUSYR	2010
WAYNE COUNTY, UTAH	CENSUSYR	2010
WEBER COUNTY, UTAH	CENSUSYR	2010
UINTAH COUNTY, UTAH	CENSUSYR	2010
WASHINGTON COUNTY, UTAH	CENSUSYR	2010
BLACK HAWK COUNTY, IOWA	CENSUSYR	2010
DUKES COUNTY, MASSACHUSETTS	CENSUSYR	2010
BRISTOL COUNTY, MASSACHUSETTS	CENSUSYR	2010
ESSEX COUNTY, MASSACHUSETTS	CENSUSYR	2010
HAMPSHIRE COUNTY, MASSACHUSETTS	CENSUSYR	2010
HAMPDEN COUNTY, MASSACHUSETTS	CENSUSYR	2010
NORFOLK COUNTY, MASSACHUSETTS	CENSUSYR	2010
MIDDLESEX COUNTY, MASSACHUSETTS	CENSUSYR	2010
PLYMOUTH COUNTY, MASSACHUSETTS	CENSUSYR	2010
WORCESTER COUNTY, MASSACHUSETTS	CENSUSYR	2010
SHELBY COUNTY, IOWA	CENSUSYR	2010
SHELBY COUNTY, OHIO	CENSUSYR	2010
SHELBY COUNTY, KENTUCKY	CENSUSYR	2010
WILL COUNTY, ILLINOIS	CENSUSYR	2015
CHURCHILL COUNTY, NEVADA	CENSUSYR	2010
DOUGLAS COUNTY, NEVADA	CENSUSYR	2010
MCCRACKEN COUNTY, KENTUCKY	CENSUSYR	2010
WOOD COUNTY, WISCONSIN	CENSUSYR	2010
WINNEBAGO COUNTY, WISCONSIN	CENSUSYR	2010
WASHBURN COUNTY, WISCONSIN	CENSUSYR	2010
WASHINGTON COUNTY, WISCONSIN	CENSUSYR	2010
WAUSHARA COUNTY, WISCONSIN	CENSUSYR	2010
WAUPACA COUNTY, WISCONSIN	CENSUSYR	2010
TREMPEALEAU COUNTY, WISCONSIN	CENSUSYR	2010
VILAS COUNTY, WISCONSIN	CENSUSYR	2010
WALWORTH COUNTY, WISCONSIN	CENSUSYR	2010
TAYLOR COUNTY, WISCONSIN	CENSUSYR	2010
SHAWANO COUNTY, WISCONSIN	CENSUSYR	2010
ST. CROIX COUNTY, WISCONSIN	CENSUSYR	2010
SAUK COUNTY, WISCONSIN	CENSUSYR	2010
SAWYER COUNTY, WISCONSIN	CENSUSYR	2010
RUSK COUNTY, WISCONSIN	CENSUSYR	2010
RICHLAND COUNTY, WISCONSIN	CENSUSYR	2010
PIERCE COUNTY, WISCONSIN	CENSUSYR	2010
PEPIN COUNTY, WISCONSIN	CENSUSYR	2010
PRICE COUNTY, WISCONSIN	CENSUSYR	2010
ROCK COUNTY, WISCONSIN	CENSUSYR	2010
PORTAGE COUNTY, WISCONSIN	CENSUSYR	2010
OZAUKEE COUNTY, WISCONSIN	CENSUSYR	2010
OUTAGAMIE COUNTY, WISCONSIN	CENSUSYR	2010
POLK COUNTY, WISCONSIN	CENSUSYR	2010
MENOMINEE COUNTY, WISCONSIN	CENSUSYR	2010
ONEIDA COUNTY, WISCONSIN	CENSUSYR	2010
MONROE COUNTY, WISCONSIN	CENSUSYR	2010
OCONTO COUNTY, WISCONSIN	CENSUSYR	2010
MARINETTE COUNTY, WISCONSIN	CENSUSYR	2010
LAFAYETTE COUNTY, WISCONSIN	CENSUSYR	2010
LA CROSSE COUNTY, WISCONSIN	CENSUSYR	2010
IRON COUNTY, WISCONSIN	CENSUSYR	2010
LINCOLN COUNTY, WISCONSIN	CENSUSYR	2010
JUNEAU COUNTY, WISCONSIN	CENSUSYR	2010
MARQUETTE COUNTY, WISCONSIN	CENSUSYR	2010
JEFFERSON COUNTY, WISCONSIN	CENSUSYR	2010
JACKSON COUNTY, WISCONSIN	CENSUSYR	2010
KENOSHA COUNTY, WISCONSIN	CENSUSYR	2010
LANGLADE COUNTY, WISCONSIN	CENSUSYR	2010
KEWAUNEE COUNTY, WISCONSIN	CENSUSYR	2010
IOWA COUNTY, WISCONSIN	CENSUSYR	2010
GREEN LAKE COUNTY, WISCONSIN	CENSUSYR	2010
MARATHON COUNTY, WISCONSIN	CENSUSYR	2010
CALUMET COUNTY, WISCONSIN	CENSUSYR	2010
FLORENCE COUNTY, WISCONSIN	CENSUSYR	2010
GREEN COUNTY, WISCONSIN	CENSUSYR	2010
GRANT COUNTY, WISCONSIN	CENSUSYR	2010
FOND DU LAC COUNTY, WISCONSIN	CENSUSYR	2010
BURNETT COUNTY, WISCONSIN	CENSUSYR	2010
FOREST COUNTY, WISCONSIN	CENSUSYR	2010
CRAWFORD COUNTY, WISCONSIN	CENSUSYR	2010
BUFFALO COUNTY, WISCONSIN	CENSUSYR	2010
DODGE COUNTY, WISCONSIN	CENSUSYR	2010
CLARK COUNTY, WISCONSIN	CENSUSYR	2010
CHIPPEWA COUNTY, WISCONSIN	CENSUSYR	2010
DOOR COUNTY, WISCONSIN	CENSUSYR	2010
COLUMBIA COUNTY, WISCONSIN	CENSUSYR	2010
DUNN COUNTY, WISCONSIN	CENSUSYR	2010
BROWN COUNTY, WISCONSIN	CENSUSYR	2010
BARRON COUNTY, WISCONSIN	CENSUSYR	2010
ASHLAND COUNTY, WISCONSIN	CENSUSYR	2010
WESTMORELAND COUNTY, VIRGINIA	CENSUSYR	2010
YORK COUNTY, VIRGINIA	CENSUSYR	2010
ROANOKE COUNTY, VIRGINIA	CENSUSYR	2010
RICHMOND COUNTY, VIRGINIA	CENSUSYR	2010
POWHATAN COUNTY, VIRGINIA	CENSUSYR	2010
PRINCE GEORGE COUNTY, VIRGINIA	CENSUSYR	2010
NOTTOWAY COUNTY, VIRGINIA	CENSUSYR	2010
MIDDLESEX COUNTY, VIRGINIA	CENSUSYR	2010
NORTHUMBERLAND COUNTY, VIRGINIA	CENSUSYR	2010
MATHEWS COUNTY, VIRGINIA	CENSUSYR	2010
LANCASTER COUNTY, VIRGINIA	CENSUSYR	2010
KING GEORGE COUNTY, VIRGINIA	CENSUSYR	2010
KING AND QUEEN COUNTY, VIRGINIA	CENSUSYR	2010
JAMES CITY COUNTY, VIRGINIA	CENSUSYR	2010
HANOVER COUNTY, VIRGINIA	CENSUSYR	2010
ESSEX COUNTY, VIRGINIA	CENSUSYR	2010
CAMPBELL COUNTY, VIRGINIA	CENSUSYR	2010
CAROLINE COUNTY, VIRGINIA	CENSUSYR	2010
AMHERST COUNTY, VIRGINIA	CENSUSYR	2010
AMELIA COUNTY, VIRGINIA	CENSUSYR	2010
CHESTERFIELD COUNTY, VIRGINIA	CENSUSYR	2010
RUTLAND COUNTY, VERMONT	CENSUSYR	2010
WINDHAM COUNTY, VERMONT	CENSUSYR	2014
ORANGE COUNTY, VERMONT	CENSUSYR	2014
WASHINGTON COUNTY, VERMONT	CENSUSYR	2014
LAMOILLE COUNTY, VERMONT	CENSUSYR	2014
WINDSOR COUNTY, VERMONT	CENSUSYR	2014
CALEDONIA COUNTY, VERMONT	CENSUSYR	2014
FRANKLIN COUNTY, VERMONT	CENSUSYR	2014
ORLEANS COUNTY, VERMONT	CENSUSYR	2014
ADDISON COUNTY, VERMONT	CENSUSYR	2015
GRAND ISLE COUNTY, VERMONT	CENSUSYR	2014
ZAPATA COUNTY, TEXAS	CENSUSYR	2010
YOUNG COUNTY, TEXAS	CENSUSYR	2010
ZAVALA COUNTY, TEXAS	CENSUSYR	2010
WILBARGER COUNTY, TEXAS	CENSUSYR	2010
ESSEX COUNTY, VERMONT	CENSUSYR	EST. 2014
YOAKUM COUNTY, TEXAS	CENSUSYR	2010
WILSON COUNTY, TEXAS	CENSUSYR	2010
BENNINGTON COUNTY, VERMONT	CENSUSYR	2010
WINKLER COUNTY, TEXAS	CENSUSYR	2010
WILLACY COUNTY, TEXAS	CENSUSYR	2010
WHEELER COUNTY, TEXAS	CENSUSYR	2010
CHITTENDEN COUNTY, VERMONT	CENSUSYR	2015
WICHITA COUNTY, TEXAS	CENSUSYR	2010
WARD COUNTY, TEXAS	CENSUSYR	2010
WHARTON COUNTY, TEXAS	CENSUSYR	2010
WOOD COUNTY, TEXAS	CENSUSYR	2010
WALLER COUNTY, TEXAS	CENSUSYR	2010
VAN ZANDT COUNTY, TEXAS	CENSUSYR	2010
WASHINGTON COUNTY, TEXAS	CENSUSYR	2010
UPTON COUNTY, TEXAS	CENSUSYR	2010
TRINITY COUNTY, TEXAS	CENSUSYR	2010
TYLER COUNTY, TEXAS	CENSUSYR	2010
UPSHUR COUNTY, TEXAS	CENSUSYR	2010
VAL VERDE COUNTY, TEXAS	CENSUSYR	2010
TERRY COUNTY, TEXAS	CENSUSYR	2010
WALKER COUNTY, TEXAS	CENSUSYR	2010
TERRELL COUNTY, TEXAS	CENSUSYR	2010
UVALDE COUNTY, TEXAS	CENSUSYR	2010
SWISHER COUNTY, TEXAS	CENSUSYR	2010
VICTORIA COUNTY, TEXAS	CENSUSYR	2010
TAYLOR COUNTY, TEXAS	CENSUSYR	2010
TOM GREEN COUNTY, TEXAS	CENSUSYR	2010
TITUS COUNTY, TEXAS	CENSUSYR	2010
SUTTON COUNTY, TEXAS	CENSUSYR	2010
WEBB COUNTY, TEXAS	CENSUSYR	2010
STONEWALL COUNTY, TEXAS	CENSUSYR	2010
THROCKMORTON COUNTY, TEXAS	CENSUSYR	2010
TARRANT COUNTY, TEXAS	CENSUSYR	2010
STERLING COUNTY, TEXAS	CENSUSYR	2010
STEPHENS COUNTY, TEXAS	CENSUSYR	2010
SHACKELFORD COUNTY, TEXAS	CENSUSYR	2010
STARR COUNTY, TEXAS	CENSUSYR	2010
SHERMAN COUNTY, TEXAS	CENSUSYR	2010
SOMERVELL COUNTY, TEXAS	CENSUSYR	2010
WISE COUNTY, TEXAS	CENSUSYR	2010
SCURRY COUNTY, TEXAS	CENSUSYR	2010
SHELBY COUNTY, TEXAS	CENSUSYR	2010
ROBERTS COUNTY, TEXAS	CENSUSYR	2010
SAN JACINTO COUNTY, TEXAS	CENSUSYR	2010
SABINE COUNTY, TEXAS	CENSUSYR	2010
SMITH COUNTY, TEXAS	CENSUSYR	2010
SAN AUGUSTINE COUNTY, TEXAS	CENSUSYR	2010
SAN PATRICIO COUNTY, TEXAS	CENSUSYR	2010
ROCKWALL COUNTY, TEXAS	CENSUSYR	2014
REFUGIO COUNTY, TEXAS	CENSUSYR	2010
SAN SABA COUNTY, TEXAS	CENSUSYR	2010
RUSK COUNTY, TEXAS	CENSUSYR	2010
ROBERTSON COUNTY, TEXAS	CENSUSYR	2010
REEVES COUNTY, TEXAS	CENSUSYR	2010
POTTER COUNTY, TEXAS	CENSUSYR	2010
RED RIVER COUNTY, TEXAS	CENSUSYR	2010
REAL COUNTY, TEXAS	CENSUSYR	2010
PRESIDIO COUNTY, TEXAS	CENSUSYR	2010
RAINS COUNTY, TEXAS	CENSUSYR	2010
REAGAN COUNTY, TEXAS	CENSUSYR	2010
RANDALL COUNTY, TEXAS	CENSUSYR	2010
SCHLEICHER COUNTY, TEXAS	CENSUSYR	2010
PECOS COUNTY, TEXAS	CENSUSYR	2010
PARMER COUNTY, TEXAS	CENSUSYR	2010
PANOLA COUNTY, TEXAS	CENSUSYR	2010
PARKER COUNTY, TEXAS	CENSUSYR	2010
OLDHAM COUNTY, TEXAS	CENSUSYR	2010
NAVARRO COUNTY, TEXAS	CENSUSYR	2010
POLK COUNTY, TEXAS	CENSUSYR	2010
MORRIS COUNTY, TEXAS	CENSUSYR	2010
NOLAN COUNTY, TEXAS	CENSUSYR	2010
OCHILTREE COUNTY, TEXAS	CENSUSYR	2010
NUECES COUNTY, TEXAS	CENSUSYR	2010
NACOGDOCHES COUNTY, TEXAS	CENSUSYR	2010
NEWTON COUNTY, TEXAS	CENSUSYR	2010
PALO PINTO COUNTY, TEXAS	CENSUSYR	2010
MONTAGUE COUNTY, TEXAS	CENSUSYR	2010
MOTLEY COUNTY, TEXAS	CENSUSYR	2010
MITCHELL COUNTY, TEXAS	CENSUSYR	2010
HIDALGO COUNTY, TEXAS	CENSUSYR	2010
HAYS COUNTY, TEXAS	CENSUSYR	2010
HEMPHILL COUNTY, TEXAS	CENSUSYR	2010
IRION COUNTY, TEXAS	CENSUSYR	2010
HENDERSON COUNTY, TEXAS	CENSUSYR	2010
HOUSTON COUNTY, TEXAS	CENSUSYR	2010
HILL COUNTY, TEXAS	CENSUSYR	2010
HOOD COUNTY, TEXAS	CENSUSYR	2010
HOPKINS COUNTY, TEXAS	CENSUSYR	2010
HUTCHINSON COUNTY, TEXAS	CENSUSYR	2010
HOCKLEY COUNTY, TEXAS	CENSUSYR	2010
HUNT COUNTY, TEXAS	CENSUSYR	2010
HUDSPETH COUNTY, TEXAS	CENSUSYR	2010
HOWARD COUNTY, TEXAS	CENSUSYR	2010
JIM WELLS COUNTY, TEXAS	CENSUSYR	2010
JACK COUNTY, TEXAS	CENSUSYR	2010
JACKSON COUNTY, TEXAS	CENSUSYR	2010
JEFF DAVIS COUNTY, TEXAS	CENSUSYR	2010
JASPER COUNTY, TEXAS	CENSUSYR	2010
JIM HOGG COUNTY, TEXAS	CENSUSYR	2010
KARNES COUNTY, TEXAS	CENSUSYR	2010
JOHNSON COUNTY, TEXAS	CENSUSYR	2010
JONES COUNTY, TEXAS	CENSUSYR	2010
KAUFMAN COUNTY, TEXAS	CENSUSYR	2010
KENDALL COUNTY, TEXAS	CENSUSYR	2010
KENT COUNTY, TEXAS	CENSUSYR	2010
KERR COUNTY, TEXAS	CENSUSYR	2010
HASKELL COUNTY, TEXAS	CENSUSYR	2010
KIMBLE COUNTY, TEXAS	CENSUSYR	2010
KENEDY COUNTY, TEXAS	CENSUSYR	2010
KINNEY COUNTY, TEXAS	CENSUSYR	2010
KLEBERG COUNTY, TEXAS	CENSUSYR	2010
LEE COUNTY, TEXAS	CENSUSYR	2010
LAMPASAS COUNTY, TEXAS	CENSUSYR	2010
KNOX COUNTY, TEXAS	CENSUSYR	2010
KING COUNTY, TEXAS	CENSUSYR	2010
LIMESTONE COUNTY, TEXAS	CENSUSYR	2010
HARTLEY COUNTY, TEXAS	CENSUSYR	2010
LEON COUNTY, TEXAS	CENSUSYR	2010
LAVACA COUNTY, TEXAS	CENSUSYR	2010
LA SALLE COUNTY, TEXAS	CENSUSYR	2010
LIBERTY COUNTY, TEXAS	CENSUSYR	2010
LAMB COUNTY, TEXAS	CENSUSYR	2010
LIPSCOMB COUNTY, TEXAS	CENSUSYR	2010
LAMAR COUNTY, TEXAS	CENSUSYR	2010
LLANO COUNTY, TEXAS	CENSUSYR	2010
HARDEMAN COUNTY, TEXAS	CENSUSYR	2010
LIVE OAK COUNTY, TEXAS	CENSUSYR	2010
MADISON COUNTY, TEXAS	CENSUSYR	2010
MATAGORDA COUNTY, TEXAS	CENSUSYR	2010
MCLENNAN COUNTY, TEXAS	CENSUSYR	2010
LOVING COUNTY, TEXAS	CENSUSYR	2010
MASON COUNTY, TEXAS	CENSUSYR	2010
MAVERICK COUNTY, TEXAS	CENSUSYR	2010
MARION COUNTY, TEXAS	CENSUSYR	2010
MCCULLOCH COUNTY, TEXAS	CENSUSYR	2010
LYNN COUNTY, TEXAS	CENSUSYR	2010
MARTIN COUNTY, TEXAS	CENSUSYR	2010
MCMULLEN COUNTY, TEXAS	CENSUSYR	2010
MIDLAND COUNTY, TEXAS	CENSUSYR	2010
MEDINA COUNTY, TEXAS	CENSUSYR	2010
MILAM COUNTY, TEXAS	CENSUSYR	2010
GUADALUPE COUNTY, TEXAS	CENSUSYR	2010
MENARD COUNTY, TEXAS	CENSUSYR	2010
MILLS COUNTY, TEXAS	CENSUSYR	2010
GREGG COUNTY, TEXAS	CENSUSYR	2010
GRIMES COUNTY, TEXAS	CENSUSYR	2010
GRAY COUNTY, TEXAS	CENSUSYR	2010
HANSFORD COUNTY, TEXAS	CENSUSYR	2010
HALE COUNTY, TEXAS	CENSUSYR	2010
HARDIN COUNTY, TEXAS	CENSUSYR	2010
HARRISON COUNTY, TEXAS	CENSUSYR	2010
HAMILTON COUNTY, TEXAS	CENSUSYR	2010
HALL COUNTY, TEXAS	CENSUSYR	2010
GONZALES COUNTY, TEXAS	CENSUSYR	2010
GLASSCOCK COUNTY, TEXAS	CENSUSYR	2010
GAINES COUNTY, TEXAS	CENSUSYR	2010
GOLIAD COUNTY, TEXAS	CENSUSYR	2010
GARZA COUNTY, TEXAS	CENSUSYR	2010
FREESTONE COUNTY, TEXAS	CENSUSYR	2010
GILLESPIE COUNTY, TEXAS	CENSUSYR	2010
FRANKLIN COUNTY, TEXAS	CENSUSYR	2010
FRIO COUNTY, TEXAS	CENSUSYR	2010
GRAYSON COUNTY, TEXAS	CENSUSYR	2010
GALVESTON COUNTY, TEXAS	CENSUSYR	2010
FOARD COUNTY, TEXAS	CENSUSYR	2010
FORT BEND COUNTY, TEXAS	CENSUSYR	2014
FLOYD COUNTY, TEXAS	CENSUSYR	2010
FISHER COUNTY, TEXAS	CENSUSYR	2010
ELLIS COUNTY, TEXAS	CENSUSYR	2010
DICKENS COUNTY, TEXAS	CENSUSYR	2010
DONLEY COUNTY, TEXAS	CENSUSYR	2010
FANNIN COUNTY, TEXAS	CENSUSYR	2010
ERATH COUNTY, TEXAS	CENSUSYR	2010
FALLS COUNTY, TEXAS	CENSUSYR	2010
DIMMIT COUNTY, TEXAS	CENSUSYR	2010
EL PASO COUNTY, TEXAS	CENSUSYR	2010
DUVAL COUNTY, TEXAS	CENSUSYR	2010
EDWARDS COUNTY, TEXAS	CENSUSYR	2010
FAYETTE COUNTY, TEXAS	CENSUSYR	2010
EASTLAND COUNTY, TEXAS	CENSUSYR	2010
DEAF SMITH COUNTY, TEXAS	CENSUSYR	2010
DALLAM COUNTY, TEXAS	CENSUSYR	2010
DEWITT COUNTY, TEXAS	CENSUSYR	2010
DAWSON COUNTY, TEXAS	CENSUSYR	2010
CROSBY COUNTY, TEXAS	CENSUSYR	2010
COTTLE COUNTY, TEXAS	CENSUSYR	2010
CULBERSON COUNTY, TEXAS	CENSUSYR	2010
CRANE COUNTY, TEXAS	CENSUSYR	2010
CORYELL COUNTY, TEXAS	CENSUSYR	2010
DELTA COUNTY, TEXAS	CENSUSYR	2010
CROCKETT COUNTY, TEXAS	CENSUSYR	2010
COOKE COUNTY, TEXAS	CENSUSYR	2010
ECTOR COUNTY, TEXAS	CENSUSYR	2010
DALLAS COUNTY, TEXAS	CENSUSYR	2010
CONCHO COUNTY, TEXAS	CENSUSYR	2010
COMANCHE COUNTY, TEXAS	CENSUSYR	2010
COKE COUNTY, TEXAS	CENSUSYR	2010
COLLINGSWORTH COUNTY, TEXAS	CENSUSYR	2010
COLEMAN COUNTY, TEXAS	CENSUSYR	2010
CASTRO COUNTY, TEXAS	CENSUSYR	2010
CARSON COUNTY, TEXAS	CENSUSYR	2010
COCHRAN COUNTY, TEXAS	CENSUSYR	2010
CASS COUNTY, TEXAS	CENSUSYR	2010
CHAMBERS COUNTY, TEXAS	CENSUSYR	2010
CAMP COUNTY, TEXAS	CENSUSYR	2010
CALLAHAN COUNTY, TEXAS	CENSUSYR	2010
CHILDRESS COUNTY, TEXAS	CENSUSYR	2010
CALHOUN COUNTY, TEXAS	CENSUSYR	2010
CHEROKEE COUNTY, TEXAS	CENSUSYR	2010
COLORADO COUNTY, TEXAS	CENSUSYR	2010
CAMERON COUNTY, TEXAS	CENSUSYR	2010
BRISCOE COUNTY, TEXAS	CENSUSYR	2010
CALDWELL COUNTY, TEXAS	CENSUSYR	2010
BROWN COUNTY, TEXAS	CENSUSYR	2010
BURLESON COUNTY, TEXAS	CENSUSYR	2010
BROOKS COUNTY, TEXAS	CENSUSYR	2010
BOSQUE COUNTY, TEXAS	CENSUSYR	2010
BORDEN COUNTY, TEXAS	CENSUSYR	2010
BLANCO COUNTY, TEXAS	CENSUSYR	2010
BEE COUNTY, TEXAS	CENSUSYR	2010
BREWSTER COUNTY, TEXAS	CENSUSYR	2010
BAYLOR COUNTY, TEXAS	CENSUSYR	2010
BOWIE COUNTY, TEXAS	CENSUSYR	2010
BURNET COUNTY, TEXAS	CENSUSYR	2010
BAILEY COUNTY, TEXAS	CENSUSYR	2010
BASTROP COUNTY, TEXAS	CENSUSYR	2010
AUSTIN COUNTY, TEXAS	CENSUSYR	2010
BANDERA COUNTY, TEXAS	CENSUSYR	2010
ARANSAS COUNTY, TEXAS	CENSUSYR	2010
BEXAR COUNTY, TEXAS	CENSUSYR	2010
ATASCOSA COUNTY, TEXAS	CENSUSYR	2010
ARMSTRONG COUNTY, TEXAS	CENSUSYR	2010
ANGELINA COUNTY, TEXAS	CENSUSYR	2010
ARCHER COUNTY, TEXAS	CENSUSYR	2010
ANDERSON COUNTY, TEXAS	CENSUSYR	2010
WAYNE COUNTY, TENNESSEE	CENSUSYR	2010
VAN BUREN COUNTY, TENNESSEE	CENSUSYR	2010
UNION COUNTY, TENNESSEE	CENSUSYR	2010
WEAKLEY COUNTY, TENNESSEE	CENSUSYR	2010
WASHINGTON COUNTY, TENNESSEE	CENSUSYR	2010
WHITE COUNTY, TENNESSEE	CENSUSYR	2010
WARREN COUNTY, TENNESSEE	CENSUSYR	2010
WILSON COUNTY, TENNESSEE	CENSUSYR	2010
TROUSDALE COUNTY, TENNESSEE	CENSUSYR	2010
UNICOI COUNTY, TENNESSEE	CENSUSYR	2010
STEWART COUNTY, TENNESSEE	CENSUSYR	2010
SEVIER COUNTY, TENNESSEE	CENSUSYR	2010
SMITH COUNTY, TENNESSEE	CENSUSYR	2010
SEQUATCHIE COUNTY, TENNESSEE	CENSUSYR	2010
TIPTON COUNTY, TENNESSEE	CENSUSYR	2010
SULLIVAN COUNTY, TENNESSEE	CENSUSYR	2010
SUMNER COUNTY, TENNESSEE	CENSUSYR	2010
SCOTT COUNTY, TENNESSEE	CENSUSYR	2010
ROBERTSON COUNTY, TENNESSEE	CENSUSYR	2016
RUTHERFORD COUNTY, TENNESSEE	CENSUSYR	2010
ROANE COUNTY, TENNESSEE	CENSUSYR	2010
PICKETT COUNTY, TENNESSEE	CENSUSYR	2010
PERRY COUNTY, TENNESSEE	CENSUSYR	2010
RHEA COUNTY, TENNESSEE	CENSUSYR	2010
POLK COUNTY, TENNESSEE	CENSUSYR	2010
OBION COUNTY, TENNESSEE	CENSUSYR	2010
MORGAN COUNTY, TENNESSEE	CENSUSYR	2010
MOORE COUNTY, TENNESSEE	CENSUSYR	2010
MCNAIRY COUNTY, TENNESSEE	CENSUSYR	2010
MONROE COUNTY, TENNESSEE	CENSUSYR	2010
MEIGS COUNTY, TENNESSEE	CENSUSYR	2010
OVERTON COUNTY, TENNESSEE	CENSUSYR	2010
MARSHALL COUNTY, TENNESSEE	CENSUSYR	2010
MADISON COUNTY, TENNESSEE	CENSUSYR	2010
LAKE COUNTY, TENNESSEE	CENSUSYR	2010
CARTER COUNTY, TENNESSEE	CENSUSYR	2010
BLOUNT COUNTY, TENNESSEE	CENSUSYR	2010
BEDFORD COUNTY, TENNESSEE	CENSUSYR	2010
BENTON COUNTY, TENNESSEE	CENSUSYR	2010
BRADLEY COUNTY, TENNESSEE	CENSUSYR	2010
ANDERSON COUNTY, TENNESSEE	CENSUSYR	2010
CARROLL COUNTY, TENNESSEE	CENSUSYR	2010
CANNON COUNTY, TENNESSEE	CENSUSYR	2010
CAMPBELL COUNTY, TENNESSEE	CENSUSYR	2010
CHEATHAM COUNTY, TENNESSEE	CENSUSYR	2010
COCKE COUNTY, TENNESSEE	CENSUSYR	2010
BLEDSOE COUNTY, TENNESSEE	CENSUSYR	2010
DECATUR COUNTY, TENNESSEE	CENSUSYR	2010
DYER COUNTY, TENNESSEE	CENSUSYR	2010
FAYETTE COUNTY, TENNESSEE	CENSUSYR	2010
HAMILTON COUNTY, TENNESSEE	CENSUSYR	2010
DEKALB COUNTY, TENNESSEE	CENSUSYR	2010
HAWKINS COUNTY, TENNESSEE	CENSUSYR	2010
COFFEE COUNTY, TENNESSEE	CENSUSYR	2010
HENDERSON COUNTY, TENNESSEE	CENSUSYR	2010
FRANKLIN COUNTY, TENNESSEE	CENSUSYR	2010
GRUNDY COUNTY, TENNESSEE	CENSUSYR	2010
HENRY COUNTY, TENNESSEE	CENSUSYR	2010
HANCOCK COUNTY, TENNESSEE	CENSUSYR	2010
LEWIS COUNTY, TENNESSEE	CENSUSYR	2010
JEFFERSON COUNTY, TENNESSEE	CENSUSYR	2010
KNOX COUNTY, TENNESSEE	CENSUSYR	2010
LAWRENCE COUNTY, TENNESSEE	CENSUSYR	2010
MACON COUNTY, TENNESSEE	CENSUSYR	2010
CUMBERLAND COUNTY, TENNESSEE	CENSUSYR	2010
CHESTER COUNTY, TENNESSEE	CENSUSYR	2010
GIBSON COUNTY, TENNESSEE	CENSUSYR	2010
CLAIBORNE COUNTY, TENNESSEE	CENSUSYR	2010
LAUDERDALE COUNTY, TENNESSEE	CENSUSYR	2010
LOUDON COUNTY, TENNESSEE	CENSUSYR	2010
MCMINN COUNTY, TENNESSEE	CENSUSYR	2010
MARION COUNTY, TENNESSEE	CENSUSYR	2010
HUMPHREYS COUNTY, TENNESSEE	CENSUSYR	2010
JOHNSON COUNTY, TENNESSEE	CENSUSYR	2010
JACKSON COUNTY, TENNESSEE	CENSUSYR	2010
LINCOLN COUNTY, TENNESSEE	CENSUSYR	2010
HOUSTON COUNTY, TENNESSEE	CENSUSYR	2010
HAMBLEN COUNTY, TENNESSEE	CENSUSYR	2010
HICKMAN COUNTY, TENNESSEE	CENSUSYR	2010
HAYWOOD COUNTY, TENNESSEE	CENSUSYR	2010
GRAINGER COUNTY, TENNESSEE	CENSUSYR	2010
HARDEMAN COUNTY, TENNESSEE	CENSUSYR	2010
GILES COUNTY, TENNESSEE	CENSUSYR	2010
FENTRESS COUNTY, TENNESSEE	CENSUSYR	2010
DICKSON COUNTY, TENNESSEE	CENSUSYR	2010
CROCKETT COUNTY, TENNESSEE	CENSUSYR	2010
GREENE COUNTY, TENNESSEE	CENSUSYR	2010
HARDIN COUNTY, TENNESSEE	CENSUSYR	2010
SALUDA COUNTY, SOUTH CAROLINA	CENSUSYR	2010
WILLIAMSBURG COUNTY, SOUTH CAROLINA	CENSUSYR	2010
UNION COUNTY, SOUTH CAROLINA	CENSUSYR	2010
MCCORMICK COUNTY, SOUTH CAROLINA	CENSUSYR	2010
SUMTER COUNTY, SOUTH CAROLINA	CENSUSYR	2010
MARION COUNTY, SOUTH CAROLINA	CENSUSYR	2010
ORANGEBURG COUNTY, SOUTH CAROLINA	CENSUSYR	2010
LEE COUNTY, SOUTH CAROLINA	CENSUSYR	2010
OCONEE COUNTY, SOUTH CAROLINA	CENSUSYR	2010
NEWBERRY COUNTY, SOUTH CAROLINA	CENSUSYR	2010
MARLBORO COUNTY, SOUTH CAROLINA	CENSUSYR	2010
KERSHAW COUNTY, SOUTH CAROLINA	CENSUSYR	2010
JASPER COUNTY, SOUTH CAROLINA	CENSUSYR	2010
GREENWOOD COUNTY, SOUTH CAROLINA	CENSUSYR	2010
HAMPTON COUNTY, SOUTH CAROLINA	CENSUSYR	2010
FLORENCE COUNTY, SOUTH CAROLINA	CENSUSYR	2010
FAIRFIELD COUNTY, SOUTH CAROLINA	CENSUSYR	2013
EDGEFIELD COUNTY, SOUTH CAROLINA	CENSUSYR	2010
DILLON COUNTY, SOUTH CAROLINA	CENSUSYR	2010
CHEROKEE COUNTY, SOUTH CAROLINA	CENSUSYR	2010
DARLINGTON COUNTY, SOUTH CAROLINA	CENSUSYR	2010
GEORGETOWN COUNTY, SOUTH CAROLINA	CENSUSYR	2010
CHESTER COUNTY, SOUTH CAROLINA	CENSUSYR	2010
DORCHESTER COUNTY, SOUTH CAROLINA	CENSUSYR	2010
BARNWELL COUNTY, SOUTH CAROLINA	CENSUSYR	2010
CALHOUN COUNTY, SOUTH CAROLINA	CENSUSYR	2010
CLARENDON COUNTY, SOUTH CAROLINA	CENSUSYR	2010
BAMBERG COUNTY, SOUTH CAROLINA	CENSUSYR	2010
CHESTERFIELD COUNTY, SOUTH CAROLINA	CENSUSYR	2010
ALLENDALE COUNTY, SOUTH CAROLINA	CENSUSYR	2010
ABBEVILLE COUNTY, SOUTH CAROLINA	CENSUSYR	2010
WOOD COUNTY, OHIO	CENSUSYR	2010
WAYNE COUNTY, OHIO	CENSUSYR	2010
WILLIAMS COUNTY, OHIO	CENSUSYR	2010
WYANDOT COUNTY, OHIO	CENSUSYR	2010
WASHINGTON COUNTY, OHIO	CENSUSYR	2010
VINTON COUNTY, OHIO	CENSUSYR	2010
WARREN COUNTY, OHIO	CENSUSYR	2010
UNION COUNTY, OHIO	CENSUSYR	2010
TUSCARAWAS COUNTY, OHIO	CENSUSYR	2010
VAN WERT COUNTY, OHIO	CENSUSYR	2010
SENECA COUNTY, OHIO	CENSUSYR	2010
STARK COUNTY, OHIO	CENSUSYR	2010
SUMMIT COUNTY, OHIO	CENSUSYR	2010
SANDUSKY COUNTY, OHIO	CENSUSYR	2010
RICHLAND COUNTY, OHIO	CENSUSYR	2010
PREBLE COUNTY, OHIO	CENSUSYR	2010
SCIOTO COUNTY, OHIO	CENSUSYR	2010
ROSS COUNTY, OHIO	CENSUSYR	2010
PIKE COUNTY, OHIO	CENSUSYR	2010
PAULDING COUNTY, OHIO	CENSUSYR	2010
PERRY COUNTY, OHIO	CENSUSYR	2010
PORTAGE COUNTY, OHIO	CENSUSYR	2010
PICKAWAY COUNTY, OHIO	CENSUSYR	2010
NOBLE COUNTY, OHIO	CENSUSYR	2010
MUSKINGUM COUNTY, OHIO	CENSUSYR	2010
MERCER COUNTY, OHIO	CENSUSYR	2010
MEIGS COUNTY, OHIO	CENSUSYR	2010
MORGAN COUNTY, OHIO	CENSUSYR	2010
MIAMI COUNTY, OHIO	CENSUSYR	2010
MONROE COUNTY, OHIO	CENSUSYR	2010
MEDINA COUNTY, OHIO	CENSUSYR	2010
MORROW COUNTY, OHIO	CENSUSYR	2010
MARION COUNTY, OHIO	CENSUSYR	2010
MAHONING COUNTY, OHIO	CENSUSYR	2010
JACKSON COUNTY, OHIO	CENSUSYR	2010
JEFFERSON COUNTY, OHIO	CENSUSYR	2010
LORAIN COUNTY, OHIO	CENSUSYR	2010
KNOX COUNTY, OHIO	CENSUSYR	2010
LICKING COUNTY, OHIO	CENSUSYR	2010
LAKE COUNTY, OHIO	CENSUSYR	2010
MADISON COUNTY, OHIO	CENSUSYR	2010
LOGAN COUNTY, OHIO	CENSUSYR	2010
HOCKING COUNTY, OHIO	CENSUSYR	2010
HURON COUNTY, OHIO	CENSUSYR	2010
HOLMES COUNTY, OHIO	CENSUSYR	2010
LAWRENCE COUNTY, OHIO	CENSUSYR	2010
HARDIN COUNTY, OHIO	CENSUSYR	2010
HIGHLAND COUNTY, OHIO	CENSUSYR	2010
HENRY COUNTY, OHIO	CENSUSYR	2010
GUERNSEY COUNTY, OHIO	CENSUSYR	2010
HANCOCK COUNTY, OHIO	CENSUSYR	2010
GREENE COUNTY, OHIO	CENSUSYR	2010
HARRISON COUNTY, OHIO	CENSUSYR	2010
GEAUGA COUNTY, OHIO	CENSUSYR	2010
FAYETTE COUNTY, OHIO	CENSUSYR	2010
FULTON COUNTY, OHIO	CENSUSYR	2010
ERIE COUNTY, OHIO	CENSUSYR	2010
FAIRFIELD COUNTY, OHIO	CENSUSYR	2010
DARKE COUNTY, OHIO	CENSUSYR	2010
COSHOCTON COUNTY, OHIO	CENSUSYR	2010
CRAWFORD COUNTY, OHIO	CENSUSYR	2010
GALLIA COUNTY, OHIO	CENSUSYR	2010
CLARK COUNTY, OHIO	CENSUSYR	2010
DEFIANCE COUNTY, OHIO	CENSUSYR	2010
CHAMPAIGN COUNTY, OHIO	CENSUSYR	2010
CARROLL COUNTY, OHIO	CENSUSYR	2010
BROWN COUNTY, OHIO	CENSUSYR	2010
COLUMBIANA COUNTY, OHIO	CENSUSYR	2010
ALLEN COUNTY, OHIO	CENSUSYR	2010
ASHLAND COUNTY, OHIO	CENSUSYR	2010
BELMONT COUNTY, OHIO	CENSUSYR	2010
ATHENS COUNTY, OHIO	CENSUSYR	2010
ASHTABULA COUNTY, OHIO	CENSUSYR	2010
AUGLAIZE COUNTY, OHIO	CENSUSYR	2010
BUTLER COUNTY, OHIO	CENSUSYR	2010
YADKIN COUNTY, NORTH CAROLINA	CENSUSYR	2010
YANCEY COUNTY, NORTH CAROLINA	CENSUSYR	2010
WATAUGA COUNTY, NORTH CAROLINA	CENSUSYR	2010
WAYNE COUNTY, NORTH CAROLINA	CENSUSYR	2010
WILKES COUNTY, NORTH CAROLINA	CENSUSYR	2010
TRANSYLVANIA COUNTY, NORTH CAROLINA	CENSUSYR	2010
TYRRELL COUNTY, NORTH CAROLINA	CENSUSYR	2010
WARREN COUNTY, NORTH CAROLINA	CENSUSYR	2010
UNION COUNTY, NORTH CAROLINA	CENSUSYR	2010
WILSON COUNTY, NORTH CAROLINA	CENSUSYR	2010
SCOTLAND COUNTY, NORTH CAROLINA	CENSUSYR	2010
SWAIN COUNTY, NORTH CAROLINA	CENSUSYR	2010
VANCE COUNTY, NORTH CAROLINA	CENSUSYR	2010
STOKES COUNTY, NORTH CAROLINA	CENSUSYR	2010
ROWAN COUNTY, NORTH CAROLINA	CENSUSYR	2014
SAMPSON COUNTY, NORTH CAROLINA	CENSUSYR	2010
RICHMOND COUNTY, NORTH CAROLINA	CENSUSYR	2010
STANLY COUNTY, NORTH CAROLINA	CENSUSYR	2010
ROBESON COUNTY, NORTH CAROLINA	CENSUSYR	2010
POLK COUNTY, NORTH CAROLINA	CENSUSYR	2010
PASQUOTANK COUNTY, NORTH CAROLINA	CENSUSYR	2010
PERSON COUNTY, NORTH CAROLINA	CENSUSYR	2010
RUTHERFORD COUNTY, NORTH CAROLINA	CENSUSYR	2010
MITCHELL COUNTY, NORTH CAROLINA	CENSUSYR	2010
NASH COUNTY, NORTH CAROLINA	CENSUSYR	2010
NORTHAMPTON COUNTY, NORTH CAROLINA	CENSUSYR	2010
SURRY COUNTY, NORTH CAROLINA	CENSUSYR	2010
ONSLOW COUNTY, NORTH CAROLINA	CENSUSYR	2010
ROCKINGHAM COUNTY, NORTH CAROLINA	CENSUSYR	2010
PAMLICO COUNTY, NORTH CAROLINA	CENSUSYR	2010
MARTIN COUNTY, NORTH CAROLINA	CENSUSYR	2010
RANDOLPH COUNTY, NORTH CAROLINA	CENSUSYR	2010
NEW HANOVER COUNTY, NORTH CAROLINA	CENSUSYR	2010
PERQUIMANS COUNTY, NORTH CAROLINA	CENSUSYR	2010
MADISON COUNTY, NORTH CAROLINA	CENSUSYR	2010
ORANGE COUNTY, NORTH CAROLINA	CENSUSYR	2010
MACON COUNTY, NORTH CAROLINA	CENSUSYR	2010
LINCOLN COUNTY, NORTH CAROLINA	CENSUSYR	2010
LEE COUNTY, NORTH CAROLINA	CENSUSYR	2010
MCDOWELL COUNTY, NORTH CAROLINA	CENSUSYR	2010
LENOIR COUNTY, NORTH CAROLINA	CENSUSYR	2010
PENDER COUNTY, NORTH CAROLINA	CENSUSYR	2010
JONES COUNTY, NORTH CAROLINA	CENSUSYR	2010
HYDE COUNTY, NORTH CAROLINA	CENSUSYR	2010
HERTFORD COUNTY, NORTH CAROLINA	CENSUSYR	2010
JACKSON COUNTY, NORTH CAROLINA	CENSUSYR	2010
IREDELL COUNTY, NORTH CAROLINA	CENSUSYR	2010
HALIFAX COUNTY, NORTH CAROLINA	CENSUSYR	2010
GREENE COUNTY, NORTH CAROLINA	CENSUSYR	2010
GRAHAM COUNTY, NORTH CAROLINA	CENSUSYR	2010
GASTON COUNTY, NORTH CAROLINA	CENSUSYR	2010
GRANVILLE COUNTY, NORTH CAROLINA	CENSUSYR	2010
GATES COUNTY, NORTH CAROLINA	CENSUSYR	2010
HAYWOOD COUNTY, NORTH CAROLINA	CENSUSYR	2010
EDGECOMBE COUNTY, NORTH CAROLINA	CENSUSYR	2010
CRAVEN COUNTY, NORTH CAROLINA	CENSUSYR	2010
FRANKLIN COUNTY, NORTH CAROLINA	CENSUSYR	2010
DAVIE COUNTY, NORTH CAROLINA	CENSUSYR	2010
DUPLIN COUNTY, NORTH CAROLINA	CENSUSYR	2010
COLUMBUS COUNTY, NORTH CAROLINA	CENSUSYR	2010
DARE COUNTY, NORTH CAROLINA	CENSUSYR	2010
CHOWAN COUNTY, NORTH CAROLINA	CENSUSYR	2010
CURRITUCK COUNTY, NORTH CAROLINA	CENSUSYR	2010
DAVIDSON COUNTY, NORTH CAROLINA	CENSUSYR	2010
CLEVELAND COUNTY, NORTH CAROLINA	CENSUSYR	2010
CAMDEN COUNTY, NORTH CAROLINA	CENSUSYR	2010
CHEROKEE COUNTY, NORTH CAROLINA	CENSUSYR	2010
CATAWBA COUNTY, NORTH CAROLINA	CENSUSYR	2010
BLADEN COUNTY, NORTH CAROLINA	CENSUSYR	2010
BERTIE COUNTY, NORTH CAROLINA	CENSUSYR	2010
CHATHAM COUNTY, NORTH CAROLINA	CENSUSYR	2010
CASWELL COUNTY, NORTH CAROLINA	CENSUSYR	2010
ANSON COUNTY, NORTH CAROLINA	CENSUSYR	2010
ALLEGHANY COUNTY, NORTH CAROLINA	CENSUSYR	2010
BRUNSWICK COUNTY, NORTH CAROLINA	CENSUSYR	2010
BEAUFORT COUNTY, NORTH CAROLINA	CENSUSYR	2010
CALDWELL COUNTY, NORTH CAROLINA	CENSUSYR	2010
BURKE COUNTY, NORTH CAROLINA	CENSUSYR	2010
ASHE COUNTY, NORTH CAROLINA	CENSUSYR	2010
AVERY COUNTY, NORTH CAROLINA	CENSUSYR	2010
CARTERET COUNTY, NORTH CAROLINA	CENSUSYR	2010
CABARRUS COUNTY, NORTH CAROLINA	CENSUSYR	2014
ALEXANDER COUNTY, NORTH CAROLINA	CENSUSYR	2010
BUNCOMBE COUNTY, NORTH CAROLINA	CENSUSYR	2010
VALENCIA COUNTY, NEW MEXICO	CENSUSYR	2010
TORRANCE COUNTY, NEW MEXICO	CENSUSYR	2010
UNION COUNTY, NEW MEXICO	CENSUSYR	2010
TAOS COUNTY, NEW MEXICO	CENSUSYR	2010
SANTA FE COUNTY, NEW MEXICO	CENSUSYR	2010
SAN MIGUEL COUNTY, NEW MEXICO	CENSUSYR	2010
SANDOVAL COUNTY, NEW MEXICO	CENSUSYR	2010
ROOSEVELT COUNTY, NEW MEXICO	CENSUSYR	2010
SAN JUAN COUNTY, NEW MEXICO	CENSUSYR	2010
CATRON COUNTY, NEW MEXICO	CENSUSYR	2010
COLFAX COUNTY, NEW MEXICO	CENSUSYR	2010
HIDALGO COUNTY, NEW MEXICO	CENSUSYR	2010
CHAVES COUNTY, NEW MEXICO	CENSUSYR	2010
LINCOLN COUNTY, NEW MEXICO	CENSUSYR	2010
CURRY COUNTY, NEW MEXICO	CENSUSYR	2010
EDDY COUNTY, NEW MEXICO	CENSUSYR	2010
GUADALUPE COUNTY, NEW MEXICO	CENSUSYR	2010
GRANT COUNTY, NEW MEXICO	CENSUSYR	2010
LEA COUNTY, NEW MEXICO	CENSUSYR	2010
MCKINLEY COUNTY, NEW MEXICO	CENSUSYR	2010
UNION COUNTY, NEW JERSEY	CENSUSYR	2010
CIBOLA COUNTY, NEW MEXICO	CENSUSYR	2010
LOS ALAMOS COUNTY, NEW MEXICO	CENSUSYR	2010
MORA COUNTY, NEW MEXICO	CENSUSYR	2010
RIO ARRIBA COUNTY, NEW MEXICO	CENSUSYR	2010
OTERO COUNTY, NEW MEXICO	CENSUSYR	2010
HARDING COUNTY, NEW MEXICO	CENSUSYR	2010
WARREN COUNTY, NEW JERSEY	CENSUSYR	2010
LUNA COUNTY, NEW MEXICO	CENSUSYR	2010
SALEM COUNTY, NEW JERSEY	CENSUSYR	2010
SOMERSET COUNTY, NEW JERSEY	CENSUSYR	2010
OCEAN COUNTY, NEW JERSEY	CENSUSYR	2010
PASSAIC COUNTY, NEW JERSEY	CENSUSYR	2010
MIDDLESEX COUNTY, NEW JERSEY	CENSUSYR	2010
MORRIS COUNTY, NEW JERSEY	CENSUSYR	2010
CAMDEN COUNTY, NEW JERSEY	CENSUSYR	2010
MERCER COUNTY, NEW JERSEY	CENSUSYR	2010
CAPE MAY COUNTY, NEW JERSEY	CENSUSYR	2010
CUMBERLAND COUNTY, NEW JERSEY	CENSUSYR	2010
GLOUCESTER COUNTY, NEW JERSEY	CENSUSYR	2010
HUNTERDON COUNTY, NEW JERSEY	CENSUSYR	2010
ATLANTIC COUNTY, NEW JERSEY	CENSUSYR	2010
MONMOUTH COUNTY, NEW JERSEY	CENSUSYR	2010
ESSEX COUNTY, NEW JERSEY	CENSUSYR	2010
HUDSON COUNTY, NEW JERSEY	CENSUSYR	2010
BERGEN COUNTY, NEW JERSEY	CENSUSYR	2010
SUSSEX COUNTY, NEW JERSEY	CENSUSYR	2010
BURLINGTON COUNTY, NEW JERSEY	CENSUSYR	2010
SULLIVAN COUNTY, NEW HAMPSHIRE	CENSUSYR	2010
CARROLL COUNTY, NEW HAMPSHIRE	CENSUSYR	2010
ROCKINGHAM COUNTY, NEW HAMPSHIRE	CENSUSYR	2010
BELKNAP COUNTY, NEW HAMPSHIRE	CENSUSYR	2010
MERRIMACK COUNTY, NEW HAMPSHIRE	CENSUSYR	2010
CHESHIRE COUNTY, NEW HAMPSHIRE	CENSUSYR	2010
GRAFTON COUNTY, NEW HAMPSHIRE	CENSUSYR	2010
COöS COUNTY, NEW HAMPSHIRE	CENSUSYR	2010
STRAFFORD COUNTY, NEW HAMPSHIRE	CENSUSYR	2010
ST. LAWRENCE COUNTY, NEW YORK	CENSUSYR	2010
STOREY COUNTY, NEVADA	CENSUSYR	2010
PERSHING COUNTY, NEVADA	CENSUSYR	2010
LYON COUNTY, NEVADA	CENSUSYR	2010
YORK COUNTY, NEBRASKA	CENSUSYR	2010
THOMAS COUNTY, NEBRASKA	CENSUSYR	2010
LANDER COUNTY, NEVADA	CENSUSYR	2010
WEBSTER COUNTY, NEBRASKA	CENSUSYR	2010
WHITE PINE COUNTY, NEVADA	CENSUSYR	2010
THAYER COUNTY, NEBRASKA	CENSUSYR	2010
VALLEY COUNTY, NEBRASKA	CENSUSYR	2010
WHEELER COUNTY, NEBRASKA	CENSUSYR	2010
STANTON COUNTY, NEBRASKA	CENSUSYR	2010
THURSTON COUNTY, NEBRASKA	CENSUSYR	2010
EUREKA COUNTY, NEVADA	CENSUSYR	2010
WAYNE COUNTY, NEBRASKA	CENSUSYR	2010
NYE COUNTY, NEVADA	CENSUSYR	2010
ESMERALDA COUNTY, NEVADA	CENSUSYR	2010
HUMBOLDT COUNTY, NEVADA	CENSUSYR	2010
LINCOLN COUNTY, NEVADA	CENSUSYR	2010
WASHINGTON COUNTY, NEBRASKA	CENSUSYR	2010
MINERAL COUNTY, NEVADA	CENSUSYR	2010
SIOUX COUNTY, NEBRASKA	CENSUSYR	2010
SEWARD COUNTY, NEBRASKA	CENSUSYR	2010
SHERMAN COUNTY, NEBRASKA	CENSUSYR	2010
SHERIDAN COUNTY, NEBRASKA	CENSUSYR	2010
SCOTTS BLUFF COUNTY, NEBRASKA	CENSUSYR	2010
ROCK COUNTY, NEBRASKA	CENSUSYR	2010
SALINE COUNTY, NEBRASKA	CENSUSYR	2010
SAUNDERS COUNTY, NEBRASKA	CENSUSYR	2010
POLK COUNTY, NEBRASKA	CENSUSYR	2010
RED WILLOW COUNTY, NEBRASKA	CENSUSYR	2010
NUCKOLLS COUNTY, NEBRASKA	CENSUSYR	2010
RICHARDSON COUNTY, NEBRASKA	CENSUSYR	2010
PIERCE COUNTY, NEBRASKA	CENSUSYR	2010
PAWNEE COUNTY, NEBRASKA	CENSUSYR	2010
PLATTE COUNTY, NEBRASKA	CENSUSYR	2010
PHELPS COUNTY, NEBRASKA	CENSUSYR	2010
PERKINS COUNTY, NEBRASKA	CENSUSYR	2010
OTOE COUNTY, NEBRASKA	CENSUSYR	2010
NEMAHA COUNTY, NEBRASKA	CENSUSYR	2010
NANCE COUNTY, NEBRASKA	CENSUSYR	2010
LOUP COUNTY, NEBRASKA	CENSUSYR	2010
BANNER COUNTY, NEBRASKA	CENSUSYR	2010
ANTELOPE COUNTY, NEBRASKA	CENSUSYR	2010
BOONE COUNTY, NEBRASKA	CENSUSYR	2010
ARTHUR COUNTY, NEBRASKA	CENSUSYR	2010
BLAINE COUNTY, NEBRASKA	CENSUSYR	2010
BOX BUTTE COUNTY, NEBRASKA	CENSUSYR	2010
BUFFALO COUNTY, NEBRASKA	CENSUSYR	2010
BUTLER COUNTY, NEBRASKA	CENSUSYR	2010
CASS COUNTY, NEBRASKA	CENSUSYR	2010
BROWN COUNTY, NEBRASKA	CENSUSYR	2010
BURT COUNTY, NEBRASKA	CENSUSYR	2010
CEDAR COUNTY, NEBRASKA	CENSUSYR	2010
CHASE COUNTY, NEBRASKA	CENSUSYR	2010
CHERRY COUNTY, NEBRASKA	CENSUSYR	2010
DODGE COUNTY, NEBRASKA	CENSUSYR	2010
CHEYENNE COUNTY, NEBRASKA	CENSUSYR	2010
COLFAX COUNTY, NEBRASKA	CENSUSYR	2010
DAWES COUNTY, NEBRASKA	CENSUSYR	2010
DEUEL COUNTY, NEBRASKA	CENSUSYR	2010
CUMING COUNTY, NEBRASKA	CENSUSYR	2010
DAWSON COUNTY, NEBRASKA	CENSUSYR	2010
CUSTER COUNTY, NEBRASKA	CENSUSYR	2010
DIXON COUNTY, NEBRASKA	CENSUSYR	2010
DUNDY COUNTY, NEBRASKA	CENSUSYR	2010
FILLMORE COUNTY, NEBRASKA	CENSUSYR	2010
FRONTIER COUNTY, NEBRASKA	CENSUSYR	2010
FRANKLIN COUNTY, NEBRASKA	CENSUSYR	2010
FURNAS COUNTY, NEBRASKA	CENSUSYR	2010
GAGE COUNTY, NEBRASKA	CENSUSYR	2010
GARDEN COUNTY, NEBRASKA	CENSUSYR	2010
GOSPER COUNTY, NEBRASKA	CENSUSYR	2010
GRANT COUNTY, NEBRASKA	CENSUSYR	2010
GARFIELD COUNTY, NEBRASKA	CENSUSYR	2010
GREELEY COUNTY, NEBRASKA	CENSUSYR	2010
HOLT COUNTY, NEBRASKA	CENSUSYR	2010
HARLAN COUNTY, NEBRASKA	CENSUSYR	2010
HITCHCOCK COUNTY, NEBRASKA	CENSUSYR	2010
HAYES COUNTY, NEBRASKA	CENSUSYR	2010
HALL COUNTY, NEBRASKA	CENSUSYR	2010
HAMILTON COUNTY, NEBRASKA	CENSUSYR	2010
HOOKER COUNTY, NEBRASKA	CENSUSYR	2010
JEFFERSON COUNTY, NEBRASKA	CENSUSYR	2010
HOWARD COUNTY, NEBRASKA	CENSUSYR	2010
KEARNEY COUNTY, NEBRASKA	CENSUSYR	2010
KNOX COUNTY, NEBRASKA	CENSUSYR	2010
KEITH COUNTY, NEBRASKA	CENSUSYR	2010
JOHNSON COUNTY, NEBRASKA	CENSUSYR	2010
LINCOLN COUNTY, NEBRASKA	CENSUSYR	2010
KIMBALL COUNTY, NEBRASKA	CENSUSYR	2010
MCPHERSON COUNTY, NEBRASKA	CENSUSYR	2010
LOGAN COUNTY, NEBRASKA	CENSUSYR	2010
MORRILL COUNTY, NEBRASKA	CENSUSYR	2010
MADISON COUNTY, NEBRASKA	CENSUSYR	2010
MERRICK COUNTY, NEBRASKA	CENSUSYR	2010
YAZOO COUNTY, MISSISSIPPI	CENSUSYR	2010
YALOBUSHA COUNTY, MISSISSIPPI	CENSUSYR	2010
WINSTON COUNTY, MISSISSIPPI	CENSUSYR	2010
WEBSTER COUNTY, MISSISSIPPI	CENSUSYR	2010
WILKINSON COUNTY, MISSISSIPPI	CENSUSYR	2010
WAYNE COUNTY, MISSISSIPPI	CENSUSYR	2010
WASHINGTON COUNTY, MISSISSIPPI	CENSUSYR	2010
WARREN COUNTY, MISSISSIPPI	CENSUSYR	2010
WALTHALL COUNTY, MISSISSIPPI	CENSUSYR	2010
UNION COUNTY, MISSISSIPPI	CENSUSYR	2010
TISHOMINGO COUNTY, MISSISSIPPI	CENSUSYR	2010
TUNICA COUNTY, MISSISSIPPI	CENSUSYR	2010
TIPPAH COUNTY, MISSISSIPPI	CENSUSYR	2010
TATE COUNTY, MISSISSIPPI	CENSUSYR	2010
TALLAHATCHIE COUNTY, MISSISSIPPI	CENSUSYR	2010
SUNFLOWER COUNTY, MISSISSIPPI	CENSUSYR	2010
SMITH COUNTY, MISSISSIPPI	CENSUSYR	2010
STONE COUNTY, MISSISSIPPI	CENSUSYR	2010
SHARKEY COUNTY, MISSISSIPPI	CENSUSYR	2010
SIMPSON COUNTY, MISSISSIPPI	CENSUSYR	2010
SCOTT COUNTY, MISSISSIPPI	CENSUSYR	2010
QUITMAN COUNTY, MISSISSIPPI	CENSUSYR	2010
PRENTISS COUNTY, MISSISSIPPI	CENSUSYR	2010
PONTOTOC COUNTY, MISSISSIPPI	CENSUSYR	2010
PIKE COUNTY, MISSISSIPPI	CENSUSYR	2010
PERRY COUNTY, MISSISSIPPI	CENSUSYR	2010
PEARL RIVER COUNTY, MISSISSIPPI	CENSUSYR	2010
OKTIBBEHA COUNTY, MISSISSIPPI	CENSUSYR	2010
NEWTON COUNTY, MISSISSIPPI	CENSUSYR	2010
PANOLA COUNTY, MISSISSIPPI	CENSUSYR	2010
NOXUBEE COUNTY, MISSISSIPPI	CENSUSYR	2010
NESHOBA COUNTY, MISSISSIPPI	CENSUSYR	2010
MARSHALL COUNTY, MISSISSIPPI	CENSUSYR	2010
MARION COUNTY, MISSISSIPPI	CENSUSYR	2010
MONROE COUNTY, MISSISSIPPI	CENSUSYR	2010
LOWNDES COUNTY, MISSISSIPPI	CENSUSYR	2010
LEAKE COUNTY, MISSISSIPPI	CENSUSYR	2010
LINCOLN COUNTY, MISSISSIPPI	CENSUSYR	2010
LEFLORE COUNTY, MISSISSIPPI	CENSUSYR	2010
LAWRENCE COUNTY, MISSISSIPPI	CENSUSYR	2010
LAUDERDALE COUNTY, MISSISSIPPI	CENSUSYR	2010
JONES COUNTY, MISSISSIPPI	CENSUSYR	2010
LEE COUNTY, MISSISSIPPI	CENSUSYR	2010
HUMPHREYS COUNTY, MISSISSIPPI	CENSUSYR	2010
ITAWAMBA COUNTY, MISSISSIPPI	CENSUSYR	2010
JEFFERSON DAVIS COUNTY, MISSISSIPPI	CENSUSYR	2010
JACKSON COUNTY, MISSISSIPPI	CENSUSYR	2010
KEMPER COUNTY, MISSISSIPPI	CENSUSYR	2010
ISSAQUENA COUNTY, MISSISSIPPI	CENSUSYR	2010
GEORGE COUNTY, MISSISSIPPI	CENSUSYR	2010
JASPER COUNTY, MISSISSIPPI	CENSUSYR	2010
FRANKLIN COUNTY, MISSISSIPPI	CENSUSYR	2010
GREENE COUNTY, MISSISSIPPI	CENSUSYR	2010
FORREST COUNTY, MISSISSIPPI	CENSUSYR	2010
JEFFERSON COUNTY, MISSISSIPPI	CENSUSYR	2010
HOLMES COUNTY, MISSISSIPPI	CENSUSYR	2010
CLARKE COUNTY, MISSISSIPPI	CENSUSYR	2010
CHOCTAW COUNTY, MISSISSIPPI	CENSUSYR	2010
COVINGTON COUNTY, MISSISSIPPI	CENSUSYR	2010
HARRISON COUNTY, MISSISSIPPI	CENSUSYR	2010
GRENADA COUNTY, MISSISSIPPI	CENSUSYR	2010
CARROLL COUNTY, MISSISSIPPI	CENSUSYR	2010
COAHOMA COUNTY, MISSISSIPPI	CENSUSYR	2010
HANCOCK COUNTY, MISSISSIPPI	CENSUSYR	2010
COPIAH COUNTY, MISSISSIPPI	CENSUSYR	2010
DESOTO COUNTY, MISSISSIPPI	CENSUSYR	2010
CLAIBORNE COUNTY, MISSISSIPPI	CENSUSYR	2010
BOLIVAR COUNTY, MISSISSIPPI	CENSUSYR	2010
ATTALA COUNTY, MISSISSIPPI	CENSUSYR	2010
CHICKASAW COUNTY, MISSISSIPPI	CENSUSYR	2010
BENTON COUNTY, MISSISSIPPI	CENSUSYR	2010
ALCORN COUNTY, MISSISSIPPI	CENSUSYR	2010
CALHOUN COUNTY, MISSISSIPPI	CENSUSYR	2010
WEXFORD COUNTY, MICHIGAN	CENSUSYR	2010
ST. JOSEPH COUNTY, MICHIGAN	CENSUSYR	2010
ST. CLAIR COUNTY, MICHIGAN	CENSUSYR	2010
TUSCOLA COUNTY, MICHIGAN	CENSUSYR	2010
SCHOOLCRAFT COUNTY, MICHIGAN	CENSUSYR	2010
OSCODA COUNTY, MICHIGAN	CENSUSYR	2010
WASHTENAW COUNTY, MICHIGAN	CENSUSYR	2010
SANILAC COUNTY, MICHIGAN	CENSUSYR	2010
ROSCOMMON COUNTY, MICHIGAN	CENSUSYR	2010
PRESQUE ISLE COUNTY, MICHIGAN	CENSUSYR	2010
OTSEGO COUNTY, MICHIGAN	CENSUSYR	2010
OSCEOLA COUNTY, MICHIGAN	CENSUSYR	2010
VAN BUREN COUNTY, MICHIGAN	CENSUSYR	2010
SAGINAW COUNTY, MICHIGAN	CENSUSYR	2010
SHIAWASSEE COUNTY, MICHIGAN	CENSUSYR	2010
ONTONAGON COUNTY, MICHIGAN	CENSUSYR	2010
OGEMAW COUNTY, MICHIGAN	CENSUSYR	2010
NEWAYGO COUNTY, MICHIGAN	CENSUSYR	2010
OCEANA COUNTY, MICHIGAN	CENSUSYR	2010
MONTCALM COUNTY, MICHIGAN	CENSUSYR	2010
MONTMORENCY COUNTY, MICHIGAN	CENSUSYR	2010
MISSAUKEE COUNTY, MICHIGAN	CENSUSYR	2010
MECOSTA COUNTY, MICHIGAN	CENSUSYR	2010
MIDLAND COUNTY, MICHIGAN	CENSUSYR	2010
MENOMINEE COUNTY, MICHIGAN	CENSUSYR	2010
MANISTEE COUNTY, MICHIGAN	CENSUSYR	2010
MASON COUNTY, MICHIGAN	CENSUSYR	2010
MONROE COUNTY, MICHIGAN	CENSUSYR	2010
MARQUETTE COUNTY, MICHIGAN	CENSUSYR	2010
LAPEER COUNTY, MICHIGAN	CENSUSYR	2010
IOSCO COUNTY, MICHIGAN	CENSUSYR	2010
LIVINGSTON COUNTY, MICHIGAN	CENSUSYR	2010
BARAGA COUNTY, MICHIGAN	CENSUSYR	2010
ARENAC COUNTY, MICHIGAN	CENSUSYR	2010
ALGER COUNTY, MICHIGAN	CENSUSYR	2010
ALCONA COUNTY, MICHIGAN	CENSUSYR	2010
ALPENA COUNTY, MICHIGAN	CENSUSYR	2010
HILLSDALE COUNTY, MICHIGAN	CENSUSYR	2010
ALLEGAN COUNTY, MICHIGAN	CENSUSYR	2010
CHARLEVOIX COUNTY, MICHIGAN	CENSUSYR	2010
BERRIEN COUNTY, MICHIGAN	CENSUSYR	2014
BARRY COUNTY, MICHIGAN	CENSUSYR	2010
ANTRIM COUNTY, MICHIGAN	CENSUSYR	2010
BENZIE COUNTY, MICHIGAN	CENSUSYR	2010
CALHOUN COUNTY, MICHIGAN	CENSUSYR	2010
IRON COUNTY, MICHIGAN	CENSUSYR	2010
DELTA COUNTY, MICHIGAN	CENSUSYR	2010
CASS COUNTY, MICHIGAN	CENSUSYR	2010
BRANCH COUNTY, MICHIGAN	CENSUSYR	2010
GRAND TRAVERSE COUNTY, MICHIGAN	CENSUSYR	2010
CHEBOYGAN COUNTY, MICHIGAN	CENSUSYR	2010
INGHAM COUNTY, MICHIGAN	CENSUSYR	2010
GRATIOT COUNTY, MICHIGAN	CENSUSYR	2010
EATON COUNTY, MICHIGAN	CENSUSYR	2010
CHIPPEWA COUNTY, MICHIGAN	CENSUSYR	2010
HOUGHTON COUNTY, MICHIGAN	CENSUSYR	2010
ISABELLA COUNTY, MICHIGAN	CENSUSYR	2010
CRAWFORD COUNTY, MICHIGAN	CENSUSYR	2010
EMMET COUNTY, MICHIGAN	CENSUSYR	2010
DICKINSON COUNTY, MICHIGAN	CENSUSYR	2010
GOGEBIC COUNTY, MICHIGAN	CENSUSYR	2010
HURON COUNTY, MICHIGAN	CENSUSYR	2010
CLARE COUNTY, MICHIGAN	CENSUSYR	2010
GLADWIN COUNTY, MICHIGAN	CENSUSYR	2010
MACKINAC COUNTY, MICHIGAN	CENSUSYR	2010
IONIA COUNTY, MICHIGAN	CENSUSYR	2010
LEELANAU COUNTY, MICHIGAN	CENSUSYR	2010
KALKASKA COUNTY, MICHIGAN	CENSUSYR	2010
KALAMAZOO COUNTY, MICHIGAN	CENSUSYR	2010
LAKE COUNTY, MICHIGAN	CENSUSYR	2010
LUCE COUNTY, MICHIGAN	CENSUSYR	2010
CLERMONT COUNTY, OHIO	CENSUSYR	2010
WALDO COUNTY, MAINE	CENSUSYR	2010
WASHINGTON COUNTY, MAINE	CENSUSYR	2010
SAGADAHOC COUNTY, MAINE	CENSUSYR	2010
SOMERSET COUNTY, MAINE	CENSUSYR	2010
YORK COUNTY, MAINE	CENSUSYR	2010
KNOX COUNTY, MAINE	CENSUSYR	2010
LINCOLN COUNTY, MAINE	CENSUSYR	2010
KENNEBEC COUNTY, MAINE	CENSUSYR	2010
OXFORD COUNTY, MAINE	CENSUSYR	2010
PISCATAQUIS COUNTY, MAINE	CENSUSYR	2010
WOODFORD COUNTY, KENTUCKY	CENSUSYR	2010
PENOBSCOT COUNTY, MAINE	CENSUSYR	2010
TRIMBLE COUNTY, KENTUCKY	CENSUSYR	2010
WOLFE COUNTY, KENTUCKY	CENSUSYR	2010
WEBSTER COUNTY, KENTUCKY	CENSUSYR	2010
SPENCER COUNTY, KENTUCKY	CENSUSYR	2010
WARREN COUNTY, KENTUCKY	CENSUSYR	2014
FRANKLIN COUNTY, MAINE	CENSUSYR	2010
TRIGG COUNTY, KENTUCKY	CENSUSYR	2010
SIMPSON COUNTY, KENTUCKY	CENSUSYR	2010
WAYNE COUNTY, KENTUCKY	CENSUSYR	2010
HANCOCK COUNTY, MAINE	CENSUSYR	2010
ANDROSCOGGIN COUNTY, MAINE	CENSUSYR	2010
TAYLOR COUNTY, KENTUCKY	CENSUSYR	2010
WASHINGTON COUNTY, KENTUCKY	CENSUSYR	2010
TODD COUNTY, KENTUCKY	CENSUSYR	2010
UNION COUNTY, KENTUCKY	CENSUSYR	2010
WHITLEY COUNTY, KENTUCKY	CENSUSYR	2010
RUSSELL COUNTY, KENTUCKY	CENSUSYR	2010
ROWAN COUNTY, KENTUCKY	CENSUSYR	2010
ROBERTSON COUNTY, KENTUCKY	CENSUSYR	2010
PULASKI COUNTY, KENTUCKY	CENSUSYR	2010
POWELL COUNTY, KENTUCKY	CENSUSYR	2015
ROCKCASTLE COUNTY, KENTUCKY	CENSUSYR	2010
AROOSTOOK COUNTY, MAINE	CENSUSYR	2010
PIKE COUNTY, KENTUCKY	CENSUSYR	2010
PENDLETON COUNTY, KENTUCKY	CENSUSYR	2010
PERRY COUNTY, KENTUCKY	CENSUSYR	2010
OWEN COUNTY, KENTUCKY	CENSUSYR	2010
OWSLEY COUNTY, KENTUCKY	CENSUSYR	2010
NICHOLAS COUNTY, KENTUCKY	CENSUSYR	2010
OHIO COUNTY, KENTUCKY	CENSUSYR	2010
NELSON COUNTY, KENTUCKY	CENSUSYR	2010
METCALFE COUNTY, KENTUCKY	CENSUSYR	2010
OLDHAM COUNTY, KENTUCKY	CENSUSYR	2010
MONROE COUNTY, KENTUCKY	CENSUSYR	2010
MERCER COUNTY, KENTUCKY	CENSUSYR	2010
MEADE COUNTY, KENTUCKY	CENSUSYR	2010
MCLEAN COUNTY, KENTUCKY	CENSUSYR	2010
MASON COUNTY, KENTUCKY	CENSUSYR	2010
MENIFEE COUNTY, KENTUCKY	CENSUSYR	2010
MUHLENBERG COUNTY, KENTUCKY	CENSUSYR	2010
MARSHALL COUNTY, KENTUCKY	CENSUSYR	2010
MARION COUNTY, KENTUCKY	CENSUSYR	2010
MCCREARY COUNTY, KENTUCKY	CENSUSYR	2010
MAGOFFIN COUNTY, KENTUCKY	CENSUSYR	2010
MARTIN COUNTY, KENTUCKY	CENSUSYR	2010
LOGAN COUNTY, KENTUCKY	CENSUSYR	2010
LYON COUNTY, KENTUCKY	CENSUSYR	2010
MORGAN COUNTY, KENTUCKY	CENSUSYR	2010
LIVINGSTON COUNTY, KENTUCKY	CENSUSYR	2010
LESLIE COUNTY, KENTUCKY	CENSUSYR	2010
LEWIS COUNTY, KENTUCKY	CENSUSYR	2010
MADISON COUNTY, KENTUCKY	CENSUSYR	2010
LINCOLN COUNTY, KENTUCKY	CENSUSYR	2010
LAWRENCE COUNTY, KENTUCKY	CENSUSYR	2010
KNOTT COUNTY, KENTUCKY	CENSUSYR	2010
LAUREL COUNTY, KENTUCKY	CENSUSYR	2010
LEE COUNTY, KENTUCKY	CENSUSYR	2010
LARUE COUNTY, KENTUCKY	CENSUSYR	2010
LETCHER COUNTY, KENTUCKY	CENSUSYR	2010
KENTON COUNTY, KENTUCKY	CENSUSYR	2010
JOHNSON COUNTY, KENTUCKY	CENSUSYR	2010
HOPKINS COUNTY, KENTUCKY	CENSUSYR	2010
HICKMAN COUNTY, KENTUCKY	CENSUSYR	2010
HENRY COUNTY, KENTUCKY	CENSUSYR	2010
JACKSON COUNTY, KENTUCKY	CENSUSYR	2010
HART COUNTY, KENTUCKY	CENSUSYR	2010
HENDERSON COUNTY, KENTUCKY	CENSUSYR	2010
HANCOCK COUNTY, KENTUCKY	CENSUSYR	2010
HARDIN COUNTY, KENTUCKY	CENSUSYR	2010
HARRISON COUNTY, KENTUCKY	CENSUSYR	2010
GRAYSON COUNTY, KENTUCKY	CENSUSYR	2010
GREEN COUNTY, KENTUCKY	CENSUSYR	2010
GREENUP COUNTY, KENTUCKY	CENSUSYR	2010
GRAVES COUNTY, KENTUCKY	CENSUSYR	2010
HARLAN COUNTY, KENTUCKY	CENSUSYR	2010
GRANT COUNTY, KENTUCKY	CENSUSYR	2010
GALLATIN COUNTY, KENTUCKY	CENSUSYR	2010
FULTON COUNTY, KENTUCKY	CENSUSYR	2010
FRANKLIN COUNTY, KENTUCKY	CENSUSYR	2010
FLEMING COUNTY, KENTUCKY	CENSUSYR	2010
ESTILL COUNTY, KENTUCKY	CENSUSYR	2010
GARRARD COUNTY, KENTUCKY	CENSUSYR	2010
ELLIOTT COUNTY, KENTUCKY	CENSUSYR	2010
EDMONSON COUNTY, KENTUCKY	CENSUSYR	2010
CUMBERLAND COUNTY, KENTUCKY	CENSUSYR	2010
CRITTENDEN COUNTY, KENTUCKY	CENSUSYR	2010
FLOYD COUNTY, KENTUCKY	CENSUSYR	2010
CHRISTIAN COUNTY, KENTUCKY	CENSUSYR	2010
CASEY COUNTY, KENTUCKY	CENSUSYR	2010
CLARK COUNTY, KENTUCKY	CENSUSYR	2010
CARROLL COUNTY, KENTUCKY	CENSUSYR	2010
CARLISLE COUNTY, KENTUCKY	CENSUSYR	2010
CARTER COUNTY, KENTUCKY	CENSUSYR	2010
BUTLER COUNTY, KENTUCKY	CENSUSYR	2000
CALLOWAY COUNTY, KENTUCKY	CENSUSYR	2010
CALDWELL COUNTY, KENTUCKY	CENSUSYR	2010
BULLITT COUNTY, KENTUCKY	CENSUSYR	2015
BOYLE COUNTY, KENTUCKY	CENSUSYR	2010
BREATHITT COUNTY, KENTUCKY	CENSUSYR	2010
BOURBON COUNTY, KENTUCKY	CENSUSYR	2010
BELL COUNTY, KENTUCKY	CENSUSYR	2010
BALLARD COUNTY, KENTUCKY	CENSUSYR	2010
ANDERSON COUNTY, KENTUCKY	CENSUSYR	2010
BOONE COUNTY, KENTUCKY	CENSUSYR	2010
BATH COUNTY, KENTUCKY	CENSUSYR	2010
BARREN COUNTY, KENTUCKY	CENSUSYR	2010
ADAIR COUNTY, KENTUCKY	CENSUSYR	2010
BRECKINRIDGE COUNTY, KENTUCKY	CENSUSYR	2010
BRACKEN COUNTY, KENTUCKY	CENSUSYR	2010
ALLEN COUNTY, KENTUCKY	CENSUSYR	2010
WILSON COUNTY, KANSAS	CENSUSYR	2010
WICHITA COUNTY, KANSAS	CENSUSYR	2010
TREGO COUNTY, KANSAS	CENSUSYR	2010
MARSHALL COUNTY, KANSAS	CENSUSYR	2010
NORTON COUNTY, KANSAS	CENSUSYR	2010
NEMAHA COUNTY, KANSAS	CENSUSYR	2010
OSAGE COUNTY, KANSAS	CENSUSYR	2010
MORRIS COUNTY, KANSAS	CENSUSYR	2010
NEOSHO COUNTY, KANSAS	CENSUSYR	2010
MORTON COUNTY, KANSAS	CENSUSYR	2010
NESS COUNTY, KANSAS	CENSUSYR	2010
MITCHELL COUNTY, KANSAS	CENSUSYR	2010
SCOTT COUNTY, KANSAS	CENSUSYR	2010
MEADE COUNTY, KANSAS	CENSUSYR	2010
MIAMI COUNTY, KANSAS	CENSUSYR	2010
STANTON COUNTY, KANSAS	CENSUSYR	2010
WALLACE COUNTY, KANSAS	CENSUSYR	2010
WOODSON COUNTY, KANSAS	CENSUSYR	2010
MCPHERSON COUNTY, KANSAS	CENSUSYR	2010
WASHINGTON COUNTY, KANSAS	CENSUSYR	2010
STAFFORD COUNTY, KANSAS	CENSUSYR	2010
STEVENS COUNTY, KANSAS	CENSUSYR	2010
SHERIDAN COUNTY, KANSAS	CENSUSYR	2010
SMITH COUNTY, KANSAS	CENSUSYR	2010
WABAUNSEE COUNTY, KANSAS	CENSUSYR	2010
THOMAS COUNTY, KANSAS	CENSUSYR	2010
SHERMAN COUNTY, KANSAS	CENSUSYR	2010
SEWARD COUNTY, KANSAS	CENSUSYR	2010
ROOKS COUNTY, KANSAS	CENSUSYR	2010
SALINE COUNTY, KANSAS	CENSUSYR	2010
RICE COUNTY, KANSAS	CENSUSYR	2010
RUSSELL COUNTY, KANSAS	CENSUSYR	2010
RUSH COUNTY, KANSAS	CENSUSYR	2010
RENO COUNTY, KANSAS	CENSUSYR	2010
RILEY COUNTY, KANSAS	CENSUSYR	2010
PRATT COUNTY, KANSAS	CENSUSYR	2010
OTTAWA COUNTY, KANSAS	CENSUSYR	2010
REPUBLIC COUNTY, KANSAS	CENSUSYR	2010
RAWLINS COUNTY, KANSAS	CENSUSYR	2010
PHILLIPS COUNTY, KANSAS	CENSUSYR	2010
PAWNEE COUNTY, KANSAS	CENSUSYR	2010
OSBORNE COUNTY, KANSAS	CENSUSYR	2010
LINN COUNTY, KANSAS	CENSUSYR	2010
LOGAN COUNTY, KANSAS	CENSUSYR	2010
LYON COUNTY, KANSAS	CENSUSYR	2010
LABETTE COUNTY, KANSAS	CENSUSYR	2010
MARION COUNTY, KANSAS	CENSUSYR	2010
LINCOLN COUNTY, KANSAS	CENSUSYR	2010
LANE COUNTY, KANSAS	CENSUSYR	2010
LEAVENWORTH COUNTY, KANSAS	CENSUSYR	2010
KIOWA COUNTY, KANSAS	CENSUSYR	2010
KEARNY COUNTY, KANSAS	CENSUSYR	2010
JACKSON COUNTY, KANSAS	CENSUSYR	2010
HASKELL COUNTY, KANSAS	CENSUSYR	2010
HODGEMAN COUNTY, KANSAS	CENSUSYR	2010
HARPER COUNTY, KANSAS	CENSUSYR	2010
JEWELL COUNTY, KANSAS	CENSUSYR	2010
HAMILTON COUNTY, KANSAS	CENSUSYR	2010
KINGMAN COUNTY, KANSAS	CENSUSYR	2010
GREENWOOD COUNTY, KANSAS	CENSUSYR	2010
GREELEY COUNTY, KANSAS	CENSUSYR	2010
GRAY COUNTY, KANSAS	CENSUSYR	2010
GOVE COUNTY, KANSAS	CENSUSYR	2010
GRANT COUNTY, KANSAS	CENSUSYR	2010
GRAHAM COUNTY, KANSAS	CENSUSYR	2010
FORD COUNTY, KANSAS	CENSUSYR	2010
FINNEY COUNTY, KANSAS	CENSUSYR	2010
GEARY COUNTY, KANSAS	CENSUSYR	2010
ELK COUNTY, KANSAS	CENSUSYR	2010
EDWARDS COUNTY, KANSAS	CENSUSYR	2010
DECATUR COUNTY, KANSAS	CENSUSYR	2010
ELLSWORTH COUNTY, KANSAS	CENSUSYR	2010
ELLIS COUNTY, KANSAS	CENSUSYR	2010
COMANCHE COUNTY, KANSAS	CENSUSYR	2010
COFFEY COUNTY, KANSAS	CENSUSYR	2010
DONIPHAN COUNTY, KANSAS	CENSUSYR	2010
CRAWFORD COUNTY, KANSAS	CENSUSYR	2010
COWLEY COUNTY, KANSAS	CENSUSYR	2010
DICKINSON COUNTY, KANSAS	CENSUSYR	2010
CLOUD COUNTY, KANSAS	CENSUSYR	2010
CLARK COUNTY, KANSAS	CENSUSYR	2010
CHAUTAUQUA COUNTY, KANSAS	CENSUSYR	2010
BARBER COUNTY, KANSAS	CENSUSYR	2010
CHEYENNE COUNTY, KANSAS	CENSUSYR	2010
CHASE COUNTY, KANSAS	CENSUSYR	2010
CHEROKEE COUNTY, KANSAS	CENSUSYR	2010
BOURBON COUNTY, KANSAS	CENSUSYR	2010
BUTLER COUNTY, KANSAS	CENSUSYR	2010
BROWN COUNTY, KANSAS	CENSUSYR	2010
BARTON COUNTY, KANSAS	CENSUSYR	2010
ATCHISON COUNTY, KANSAS	CENSUSYR	2010
ANDERSON COUNTY, KANSAS	CENSUSYR	2010
WRIGHT COUNTY, IOWA	CENSUSYR	2010
WORTH COUNTY, IOWA	CENSUSYR	2010
WINNEBAGO COUNTY, IOWA	CENSUSYR	2010
WINNESHIEK COUNTY, IOWA	CENSUSYR	2010
WEBSTER COUNTY, IOWA	CENSUSYR	2010
WOODBURY COUNTY, IOWA	CENSUSYR	2010
WASHINGTON COUNTY, IOWA	CENSUSYR	2010
WAYNE COUNTY, IOWA	CENSUSYR	2010
WAPELLO COUNTY, IOWA	CENSUSYR	2010
WARREN COUNTY, IOWA	CENSUSYR	2010
VAN BUREN COUNTY, IOWA	CENSUSYR	2010
UNION COUNTY, IOWA	CENSUSYR	2010
TAYLOR COUNTY, IOWA	CENSUSYR	2010
RINGGOLD COUNTY, IOWA	CENSUSYR	2010
SIOUX COUNTY, IOWA	CENSUSYR	2010
SAC COUNTY, IOWA	CENSUSYR	2010
STORY COUNTY, IOWA	CENSUSYR	2010
TAMA COUNTY, IOWA	CENSUSYR	2010
O'BRIEN COUNTY, IOWA	CENSUSYR	2010
MONROE COUNTY, IOWA	CENSUSYR	2010
POCAHONTAS COUNTY, IOWA	CENSUSYR	2010
MUSCATINE COUNTY, IOWA	CENSUSYR	2010
PLYMOUTH COUNTY, IOWA	CENSUSYR	2010
SCOTT COUNTY, IOWA	CENSUSYR	2010
PAGE COUNTY, IOWA	CENSUSYR	2010
OSCEOLA COUNTY, IOWA	CENSUSYR	2010
PALO ALTO COUNTY, IOWA	CENSUSYR	2010
MARION COUNTY, IOWA	CENSUSYR	2010
POTTAWATTAMIE COUNTY, IOWA	CENSUSYR	2010
MONONA COUNTY, IOWA	CENSUSYR	2010
LUCAS COUNTY, IOWA	CENSUSYR	2010
MILLS COUNTY, IOWA	CENSUSYR	2010
POLK COUNTY, IOWA	CENSUSYR	2010
MITCHELL COUNTY, IOWA	CENSUSYR	2010
LYON COUNTY, IOWA	CENSUSYR	2010
MAHASKA COUNTY, IOWA	CENSUSYR	2010
MARSHALL COUNTY, IOWA	CENSUSYR	2010
LOUISA COUNTY, IOWA	CENSUSYR	2010
MADISON COUNTY, IOWA	CENSUSYR	2010
KOSSUTH COUNTY, IOWA	CENSUSYR	2010
LINN COUNTY, IOWA	CENSUSYR	2010
JEFFERSON COUNTY, IOWA	CENSUSYR	2010
LEE COUNTY, IOWA	CENSUSYR	2010
KEOKUK COUNTY, IOWA	CENSUSYR	2010
JONES COUNTY, IOWA	CENSUSYR	2010
IDA COUNTY, IOWA	CENSUSYR	2010
HENRY COUNTY, IOWA	CENSUSYR	2010
JOHNSON COUNTY, IOWA	CENSUSYR	2010
HOWARD COUNTY, IOWA	CENSUSYR	2010
HARDIN COUNTY, IOWA	CENSUSYR	2010
JACKSON COUNTY, IOWA	CENSUSYR	2013
HARRISON COUNTY, IOWA	CENSUSYR	2010
DICKINSON COUNTY, IOWA	CENSUSYR	2010
EMMET COUNTY, IOWA	CENSUSYR	2010
HUMBOLDT COUNTY, IOWA	CENSUSYR	2010
FREMONT COUNTY, IOWA	CENSUSYR	2010
HAMILTON COUNTY, IOWA	CENSUSYR	2010
GUTHRIE COUNTY, IOWA	CENSUSYR	2010
JASPER COUNTY, IOWA	CENSUSYR	2010
GREENE COUNTY, IOWA	CENSUSYR	2010
GRUNDY COUNTY, IOWA	CENSUSYR	2010
HANCOCK COUNTY, IOWA	CENSUSYR	2010
DELAWARE COUNTY, IOWA	CENSUSYR	2010
DUBUQUE COUNTY, IOWA	CENSUSYR	2010
FLOYD COUNTY, IOWA	CENSUSYR	2010
FRANKLIN COUNTY, IOWA	CENSUSYR	2010
FAYETTE COUNTY, IOWA	CENSUSYR	2010
DECATUR COUNTY, IOWA	CENSUSYR	2010
DALLAS COUNTY, IOWA	CENSUSYR	2010
DES MOINES COUNTY, IOWA	CENSUSYR	2010
IOWA COUNTY, IOWA	CENSUSYR	2010
DAVIS COUNTY, IOWA	CENSUSYR	2010
CRAWFORD COUNTY, IOWA	CENSUSYR	2010
CLARKE COUNTY, IOWA	CENSUSYR	2010
CERRO GORDO COUNTY, IOWA	CENSUSYR	2010
CHEROKEE COUNTY, IOWA	CENSUSYR	2010
CEDAR COUNTY, IOWA	CENSUSYR	2010
CLAYTON COUNTY, IOWA	CENSUSYR	2010
CHICKASAW COUNTY, IOWA	CENSUSYR	2010
CASS COUNTY, IOWA	CENSUSYR	2010
CALHOUN COUNTY, IOWA	CENSUSYR	2010
AUDUBON COUNTY, IOWA	CENSUSYR	2010
CARROLL COUNTY, IOWA	CENSUSYR	2010
BENTON COUNTY, IOWA	CENSUSYR	2010
BUCHANAN COUNTY, IOWA	CENSUSYR	2010
BREMER COUNTY, IOWA	CENSUSYR	2010
BUTLER COUNTY, IOWA	CENSUSYR	2010
BUENA VISTA COUNTY, IOWA	CENSUSYR	2010
APPANOOSE COUNTY, IOWA	CENSUSYR	2010
BOONE COUNTY, IOWA	CENSUSYR	2010
ALLAMAKEE COUNTY, IOWA	CENSUSYR	2010
ADAIR COUNTY, IOWA	CENSUSYR	2010
WHITLEY COUNTY, INDIANA	CENSUSYR	2010
WHITE COUNTY, INDIANA	CENSUSYR	2010
WAYNE COUNTY, INDIANA	CENSUSYR	2010
WELLS COUNTY, INDIANA	CENSUSYR	2010
WABASH COUNTY, INDIANA	CENSUSYR	2010
UNION COUNTY, INDIANA	CENSUSYR	2010
VIGO COUNTY, INDIANA	CENSUSYR	2010
WARRICK COUNTY, INDIANA	CENSUSYR	2010
TIPTON COUNTY, INDIANA	CENSUSYR	2010
WARREN COUNTY, INDIANA	CENSUSYR	2010
WASHINGTON COUNTY, INDIANA	CENSUSYR	2010
VERMILLION COUNTY, INDIANA	CENSUSYR	2010
RANDOLPH COUNTY, INDIANA	CENSUSYR	2010
TIPPECANOE COUNTY, INDIANA	CENSUSYR	2010
SWITZERLAND COUNTY, INDIANA	CENSUSYR	2010
SULLIVAN COUNTY, INDIANA	CENSUSYR	2010
RUSH COUNTY, INDIANA	CENSUSYR	2010
STEUBEN COUNTY, INDIANA	CENSUSYR	2010
SPENCER COUNTY, INDIANA	CENSUSYR	2010
SHELBY COUNTY, INDIANA	CENSUSYR	2010
RIPLEY COUNTY, INDIANA	CENSUSYR	2010
ST. JOSEPH COUNTY, INDIANA	CENSUSYR	2010
OWEN COUNTY, INDIANA	CENSUSYR	2010
PIKE COUNTY, INDIANA	CENSUSYR	2010
PERRY COUNTY, INDIANA	CENSUSYR	2010
ORANGE COUNTY, INDIANA	CENSUSYR	2010
OHIO COUNTY, INDIANA	CENSUSYR	2010
PARKE COUNTY, INDIANA	CENSUSYR	2010
NOBLE COUNTY, INDIANA	CENSUSYR	2010
MIAMI COUNTY, INDIANA	CENSUSYR	2010
MONROE COUNTY, INDIANA	CENSUSYR	2010
JOHNSON COUNTY, INDIANA	CENSUSYR	2010
MARTIN COUNTY, INDIANA	CENSUSYR	2010
KOSCIUSKO COUNTY, INDIANA	CENSUSYR	2010
MADISON COUNTY, INDIANA	CENSUSYR	2010
LAGRANGE COUNTY, INDIANA	CENSUSYR	2010
MARSHALL COUNTY, INDIANA	CENSUSYR	2010
MORGAN COUNTY, INDIANA	CENSUSYR	2010
JACKSON COUNTY, INDIANA	CENSUSYR	2010
JENNINGS COUNTY, INDIANA	CENSUSYR	2010
POSEY COUNTY, INDIANA	CENSUSYR	2010
JEFFERSON COUNTY, INDIANA	CENSUSYR	2010
KNOX COUNTY, INDIANA	CENSUSYR	2010
HENDRICKS COUNTY, INDIANA	CENSUSYR	2010
HOWARD COUNTY, INDIANA	CENSUSYR	2010
HUNTINGTON COUNTY, INDIANA	CENSUSYR	2010
HENRY COUNTY, INDIANA	CENSUSYR	2010
JAY COUNTY, INDIANA	CENSUSYR	2010
HARRISON COUNTY, INDIANA	CENSUSYR	2010
GRANT COUNTY, INDIANA	CENSUSYR	2010
GREENE COUNTY, INDIANA	CENSUSYR	2010
FRANKLIN COUNTY, INDIANA	CENSUSYR	2010
FULTON COUNTY, INDIANA	CENSUSYR	2010
HANCOCK COUNTY, INDIANA	CENSUSYR	2010
FOUNTAIN COUNTY, INDIANA	CENSUSYR	2010
DELAWARE COUNTY, INDIANA	CENSUSYR	2010
FAYETTE COUNTY, INDIANA	CENSUSYR	2010
DUBOIS COUNTY, INDIANA	CENSUSYR	2010
CARROLL COUNTY, INDIANA	CENSUSYR	2010
ELKHART COUNTY, INDIANA	CENSUSYR	2010
DECATUR COUNTY, INDIANA	CENSUSYR	2010
BROWN COUNTY, INDIANA	CENSUSYR	2010
DEARBORN COUNTY, INDIANA	CENSUSYR	2010
CASS COUNTY, INDIANA	CENSUSYR	2010
WOODFORD COUNTY, ILLINOIS	CENSUSYR	2010
CRAWFORD COUNTY, INDIANA	CENSUSYR	2010
BOONE COUNTY, INDIANA	CENSUSYR	2010
DAVIESS COUNTY, INDIANA	CENSUSYR	2010
WINNEBAGO COUNTY, ILLINOIS	CENSUSYR	2010
BARTHOLOMEW COUNTY, INDIANA	CENSUSYR	2010
BENTON COUNTY, INDIANA	CENSUSYR	2010
LASALLE COUNTY, ILLINOIS	CENSUSYR	2014
JEFFERSON COUNTY, ILLINOIS	CENSUSYR	2010
KANKAKEE COUNTY, ILLINOIS	CENSUSYR	2010
KENDALL COUNTY, ILLINOIS	CENSUSYR	2010
LAKE COUNTY, ILLINOIS	CENSUSYR	2010
KANE COUNTY, ILLINOIS	CENSUSYR	2010
JO DAVIESS COUNTY, ILLINOIS	CENSUSYR	2010
JERSEY COUNTY, ILLINOIS	CENSUSYR	2010
JOHNSON COUNTY, ILLINOIS	CENSUSYR	2010
KNOX COUNTY, ILLINOIS	CENSUSYR	2010
LIVINGSTON COUNTY, ILLINOIS	CENSUSYR	2010
MCHENRY COUNTY, ILLINOIS	CENSUSYR	2010
MADISON COUNTY, ILLINOIS	CENSUSYR	2014
MACON COUNTY, ILLINOIS	CENSUSYR	2010
LAWRENCE COUNTY, ILLINOIS	CENSUSYR	2010
MCDONOUGH COUNTY, ILLINOIS	CENSUSYR	2010
MACOUPIN COUNTY, ILLINOIS	CENSUSYR	2010
MARSHALL COUNTY, ILLINOIS	CENSUSYR	2010
LOGAN COUNTY, ILLINOIS	CENSUSYR	2010
MASSAC COUNTY, ILLINOIS	CENSUSYR	2010
LEE COUNTY, ILLINOIS	CENSUSYR	2010
MARION COUNTY, ILLINOIS	CENSUSYR	2010
MASON COUNTY, ILLINOIS	CENSUSYR	2010
MCLEAN COUNTY, ILLINOIS	CENSUSYR	2010
MERCER COUNTY, ILLINOIS	CENSUSYR	2010
MONROE COUNTY, ILLINOIS	CENSUSYR	2010
MORGAN COUNTY, ILLINOIS	CENSUSYR	2010
OGLE COUNTY, ILLINOIS	CENSUSYR	2010
PEORIA COUNTY, ILLINOIS	CENSUSYR	2010
MENARD COUNTY, ILLINOIS	CENSUSYR	2010
MOULTRIE COUNTY, ILLINOIS	CENSUSYR	2010
PIATT COUNTY, ILLINOIS	CENSUSYR	2010
PERRY COUNTY, ILLINOIS	CENSUSYR	2010
PIKE COUNTY, ILLINOIS	CENSUSYR	2010
RANDOLPH COUNTY, ILLINOIS	CENSUSYR	2010
SALINE COUNTY, ILLINOIS	CENSUSYR	2010
POPE COUNTY, ILLINOIS	CENSUSYR	2010
ST. CLAIR COUNTY, ILLINOIS	CENSUSYR	2010
RICHLAND COUNTY, ILLINOIS	CENSUSYR	2010
PULASKI COUNTY, ILLINOIS	CENSUSYR	2010
ROCK ISLAND COUNTY, ILLINOIS	CENSUSYR	2010
VERMILION COUNTY, ILLINOIS	CENSUSYR	2010
SANGAMON COUNTY, ILLINOIS	CENSUSYR	2010
BLACKFORD COUNTY, INDIANA	CENSUSYR	2010
UNION COUNTY, ILLINOIS	CENSUSYR	2010
STARK COUNTY, ILLINOIS	CENSUSYR	2010
SHELBY COUNTY, ILLINOIS	CENSUSYR	2010
SCHUYLER COUNTY, ILLINOIS	CENSUSYR	2010
TAZEWELL COUNTY, ILLINOIS	CENSUSYR	2010
ALLEN COUNTY, INDIANA	CENSUSYR	2010
WASHINGTON COUNTY, ILLINOIS	CENSUSYR	2010
STEPHENSON COUNTY, ILLINOIS	CENSUSYR	2010
WHITE COUNTY, ILLINOIS	CENSUSYR	2010
WABASH COUNTY, ILLINOIS	CENSUSYR	2010
WARREN COUNTY, ILLINOIS	CENSUSYR	2010
WAYNE COUNTY, ILLINOIS	CENSUSYR	2010
SCOTT COUNTY, ILLINOIS	CENSUSYR	2010
WILLIAMSON COUNTY, ILLINOIS	CENSUSYR	2010
CLARK COUNTY, INDIANA	CENSUSYR	2010
WHITESIDE COUNTY, ILLINOIS	CENSUSYR	2010
JASPER COUNTY, ILLINOIS	CENSUSYR	2010
IROQUOIS COUNTY, ILLINOIS	CENSUSYR	2010
JACKSON COUNTY, ILLINOIS	CENSUSYR	2010
HENDERSON COUNTY, ILLINOIS	CENSUSYR	2010
HENRY COUNTY, ILLINOIS	CENSUSYR	2010
HARDIN COUNTY, ILLINOIS	CENSUSYR	2010
HANCOCK COUNTY, ILLINOIS	CENSUSYR	2010
HAMILTON COUNTY, ILLINOIS	CENSUSYR	2010
GRUNDY COUNTY, ILLINOIS	CENSUSYR	2010
GALLATIN COUNTY, ILLINOIS	CENSUSYR	2010
GREENE COUNTY, ILLINOIS	CENSUSYR	2010
FORD COUNTY, ILLINOIS	CENSUSYR	2010
EFFINGHAM COUNTY, ILLINOIS	CENSUSYR	2010
FULTON COUNTY, ILLINOIS	CENSUSYR	2010
FAYETTE COUNTY, ILLINOIS	CENSUSYR	2010
EDWARDS COUNTY, ILLINOIS	CENSUSYR	2010
FRANKLIN COUNTY, ILLINOIS	CENSUSYR	2010
EDGAR COUNTY, ILLINOIS	CENSUSYR	2010
DUPAGE COUNTY, ILLINOIS	CENSUSYR	2010
DEKALB COUNTY, ILLINOIS	CENSUSYR	2010
CUMBERLAND COUNTY, ILLINOIS	CENSUSYR	2010
DOUGLAS COUNTY, ILLINOIS	CENSUSYR	2010
COLES COUNTY, ILLINOIS	CENSUSYR	2010
CASS COUNTY, ILLINOIS	CENSUSYR	2010
CRAWFORD COUNTY, ILLINOIS	CENSUSYR	2010
CHRISTIAN COUNTY, ILLINOIS	CENSUSYR	2010
CLARK COUNTY, ILLINOIS	CENSUSYR	2010
CARROLL COUNTY, ILLINOIS	CENSUSYR	2010
CALHOUN COUNTY, ILLINOIS	CENSUSYR	2010
BUREAU COUNTY, ILLINOIS	CENSUSYR	2010
ALEXANDER COUNTY, ILLINOIS	CENSUSYR	2010
BROWN COUNTY, ILLINOIS	CENSUSYR	2010
TETON COUNTY, IDAHO	CENSUSYR	2010
WASHINGTON COUNTY, IDAHO	CENSUSYR	2010
VALLEY COUNTY, IDAHO	CENSUSYR	2010
TWIN FALLS COUNTY, IDAHO	CENSUSYR	2015
BOND COUNTY, ILLINOIS	CENSUSYR	2010
POWER COUNTY, IDAHO	CENSUSYR	2010
PAYETTE COUNTY, IDAHO	CENSUSYR	2010
SHOSHONE COUNTY, IDAHO	CENSUSYR	2010
OWYHEE COUNTY, IDAHO	CENSUSYR	2010
LINCOLN COUNTY, IDAHO	CENSUSYR	2010
MINIDOKA COUNTY, IDAHO	CENSUSYR	2010
JEROME COUNTY, IDAHO	CENSUSYR	2010
BOONE COUNTY, ILLINOIS	CENSUSYR	2010
LEMHI COUNTY, IDAHO	CENSUSYR	2010
ONEIDA COUNTY, IDAHO	CENSUSYR	2010
KOOTENAI COUNTY, IDAHO	CENSUSYR	2010
MADISON COUNTY, IDAHO	CENSUSYR	2010
CLARK COUNTY, IDAHO	CENSUSYR	2010
CANYON COUNTY, IDAHO	CENSUSYR	2010
JEFFERSON COUNTY, IDAHO	CENSUSYR	2010
CLEARWATER COUNTY, IDAHO	CENSUSYR	2010
GEM COUNTY, IDAHO	CENSUSYR	2010
LEWIS COUNTY, IDAHO	CENSUSYR	2010
CARIBOU COUNTY, IDAHO	CENSUSYR	2010
GOODING COUNTY, IDAHO	CENSUSYR	2010
CAMAS COUNTY, IDAHO	CENSUSYR	2010
CASSIA COUNTY, IDAHO	CENSUSYR	2010
FRANKLIN COUNTY, IDAHO	CENSUSYR	2010
ELMORE COUNTY, IDAHO	CENSUSYR	2010
LATAH COUNTY, IDAHO	CENSUSYR	2010
CUSTER COUNTY, IDAHO	CENSUSYR	2010
BUTTE COUNTY, IDAHO	CENSUSYR	2010
FREMONT COUNTY, IDAHO	CENSUSYR	2010
BOISE COUNTY, IDAHO	CENSUSYR	2010
BONNEVILLE COUNTY, IDAHO	CENSUSYR	2010
IDAHO COUNTY, IDAHO	CENSUSYR	2010
BENEWAH COUNTY, IDAHO	CENSUSYR	2010
BANNOCK COUNTY, IDAHO	CENSUSYR	2010
BONNER COUNTY, IDAHO	CENSUSYR	2010
BINGHAM COUNTY, IDAHO	CENSUSYR	2010
BEAR LAKE COUNTY, IDAHO	CENSUSYR	2010
BOUNDARY COUNTY, IDAHO	CENSUSYR	2010
ADA COUNTY, IDAHO	CENSUSYR	2010
BLAINE COUNTY, IDAHO	CENSUSYR	2010
WORTH COUNTY, GEORGIA	CENSUSYR	2010
WILKINSON COUNTY, GEORGIA	CENSUSYR	2010
WILCOX COUNTY, GEORGIA	CENSUSYR	2010
WILKES COUNTY, GEORGIA	CENSUSYR	2010
WHITE COUNTY, GEORGIA	CENSUSYR	2010
WHITFIELD COUNTY, GEORGIA	CENSUSYR	2010
WEBSTER COUNTY, GEORGIA	CENSUSYR	2010
WHEELER COUNTY, GEORGIA	CENSUSYR	2010
WAYNE COUNTY, GEORGIA	CENSUSYR	2010
WARE COUNTY, GEORGIA	CENSUSYR	2010
TURNER COUNTY, GEORGIA	CENSUSYR	2010
TWIGGS COUNTY, GEORGIA	CENSUSYR	2010
WASHINGTON COUNTY, GEORGIA	CENSUSYR	2010
TROUP COUNTY, GEORGIA	CENSUSYR	2010
WARREN COUNTY, GEORGIA	CENSUSYR	2010
WALKER COUNTY, GEORGIA	CENSUSYR	2010
UNION COUNTY, GEORGIA	CENSUSYR	2010
TREUTLEN COUNTY, GEORGIA	CENSUSYR	2010
UPSON COUNTY, GEORGIA	CENSUSYR	2010
WALTON COUNTY, GEORGIA	CENSUSYR	2010
TOOMBS COUNTY, GEORGIA	CENSUSYR	2010
TOWNS COUNTY, GEORGIA	CENSUSYR	2010
TIFT COUNTY, GEORGIA	CENSUSYR	2010
TAYLOR COUNTY, GEORGIA	CENSUSYR	2010
TATTNALL COUNTY, GEORGIA	CENSUSYR	2010
SUMTER COUNTY, GEORGIA	CENSUSYR	2010
TERRELL COUNTY, GEORGIA	CENSUSYR	2010
TELFAIR COUNTY, GEORGIA	CENSUSYR	2010
ROCKDALE COUNTY, GEORGIA	CENSUSYR	2010
RICHMOND COUNTY, GEORGIA	CENSUSYR	2010
QUITMAN COUNTY, GEORGIA	CENSUSYR	2010
STEPHENS COUNTY, GEORGIA	CENSUSYR	2010
STEWART COUNTY, GEORGIA	CENSUSYR	2010
SCHLEY COUNTY, GEORGIA	CENSUSYR	2010
SEMINOLE COUNTY, GEORGIA	CENSUSYR	2010
THOMAS COUNTY, GEORGIA	CENSUSYR	2010
POLK COUNTY, GEORGIA	CENSUSYR	2010
PIKE COUNTY, GEORGIA	CENSUSYR	2010
PULASKI COUNTY, GEORGIA	CENSUSYR	2010
TALIAFERRO COUNTY, GEORGIA	CENSUSYR	2010
RABUN COUNTY, GEORGIA	CENSUSYR	2010
PEACH COUNTY, GEORGIA	CENSUSYR	2010
PIERCE COUNTY, GEORGIA	CENSUSYR	2010
TALBOT COUNTY, GEORGIA	CENSUSYR	2010
PAULDING COUNTY, GEORGIA	CENSUSYR	2010
OGLETHORPE COUNTY, GEORGIA	CENSUSYR	2010
RANDOLPH COUNTY, GEORGIA	CENSUSYR	2010
PICKENS COUNTY, GEORGIA	CENSUSYR	2010
OCONEE COUNTY, GEORGIA	CENSUSYR	2010
MURRAY COUNTY, GEORGIA	CENSUSYR	2010
MORGAN COUNTY, GEORGIA	CENSUSYR	2010
MILLER COUNTY, GEORGIA	CENSUSYR	2010
MONROE COUNTY, GEORGIA	CENSUSYR	2010
MUSCOGEE COUNTY, GEORGIA	CENSUSYR	2010
NEWTON COUNTY, GEORGIA	CENSUSYR	2010
MITCHELL COUNTY, GEORGIA	CENSUSYR	2010
MERIWETHER COUNTY, GEORGIA	CENSUSYR	2010
MCINTOSH COUNTY, GEORGIA	CENSUSYR	2010
MCDUFFIE COUNTY, GEORGIA	CENSUSYR	2010
MARION COUNTY, GEORGIA	CENSUSYR	2010
LAMAR COUNTY, GEORGIA	CENSUSYR	2010
LEE COUNTY, GEORGIA	CENSUSYR	2010
LONG COUNTY, GEORGIA	CENSUSYR	2010
LUMPKIN COUNTY, GEORGIA	CENSUSYR	2010
MADISON COUNTY, GEORGIA	CENSUSYR	2010
LANIER COUNTY, GEORGIA	CENSUSYR	2010
MACON COUNTY, GEORGIA	CENSUSYR	2010
JASPER COUNTY, GEORGIA	CENSUSYR	2010
JOHNSON COUNTY, GEORGIA	CENSUSYR	2010
HART COUNTY, GEORGIA	CENSUSYR	2010
GLYNN COUNTY, GEORGIA	CENSUSYR	2010
JONES COUNTY, GEORGIA	CENSUSYR	2010
JACKSON COUNTY, GEORGIA	CENSUSYR	2010
IRWIN COUNTY, GEORGIA	CENSUSYR	2010
HENRY COUNTY, GEORGIA	CENSUSYR	2010
JEFF DAVIS COUNTY, GEORGIA	CENSUSYR	2010
JENKINS COUNTY, GEORGIA	CENSUSYR	2010
HANCOCK COUNTY, GEORGIA	CENSUSYR	2010
HABERSHAM COUNTY, GEORGIA	CENSUSYR	2010
GREENE COUNTY, GEORGIA	CENSUSYR	2010
GLASCOCK COUNTY, GEORGIA	CENSUSYR	2010
HALL COUNTY, GEORGIA	CENSUSYR	2010
HARALSON COUNTY, GEORGIA	CENSUSYR	2010
JEFFERSON COUNTY, GEORGIA	CENSUSYR	2010
HEARD COUNTY, GEORGIA	CENSUSYR	2010
LOWNDES COUNTY, GEORGIA	CENSUSYR	2010
LINCOLN COUNTY, GEORGIA	CENSUSYR	2010
GILMER COUNTY, GEORGIA	CENSUSYR	2010
GORDON COUNTY, GEORGIA	CENSUSYR	2010
LIBERTY COUNTY, GEORGIA	CENSUSYR	2010
LAURENS COUNTY, GEORGIA	CENSUSYR	2010
FORSYTH COUNTY, GEORGIA	CENSUSYR	2010
FRANKLIN COUNTY, GEORGIA	CENSUSYR	2010
FAYETTE COUNTY, GEORGIA	CENSUSYR	2010
ELBERT COUNTY, GEORGIA	CENSUSYR	2010
EFFINGHAM COUNTY, GEORGIA	CENSUSYR	2010
FLOYD COUNTY, GEORGIA	CENSUSYR	2010
DOOLY COUNTY, GEORGIA	CENSUSYR	2010
HARRIS COUNTY, GEORGIA	CENSUSYR	2010
HOUSTON COUNTY, GEORGIA	CENSUSYR	2010
EVANS COUNTY, GEORGIA	CENSUSYR	2010
FANNIN COUNTY, GEORGIA	CENSUSYR	2010
DECATUR COUNTY, GEORGIA	CENSUSYR	2010
ECHOLS COUNTY, GEORGIA	CENSUSYR	2010
EMANUEL COUNTY, GEORGIA	CENSUSYR	2010
EARLY COUNTY, GEORGIA	CENSUSYR	2010
DOUGHERTY COUNTY, GEORGIA	CENSUSYR	2010
ATKINSON COUNTY, GEORGIA	CENSUSYR	2010
APPLING COUNTY, GEORGIA	CENSUSYR	2010
BLECKLEY COUNTY, GEORGIA	CENSUSYR	2010
BARTOW COUNTY, GEORGIA	CENSUSYR	2010
BIBB COUNTY, GEORGIA	CENSUSYR	2010
BRANTLEY COUNTY, GEORGIA	CENSUSYR	2010
BANKS COUNTY, GEORGIA	CENSUSYR	2010
BARROW COUNTY, GEORGIA	CENSUSYR	2010
BERRIEN COUNTY, GEORGIA	CENSUSYR	2010
BEN HILL COUNTY, GEORGIA	CENSUSYR	2010
CALHOUN COUNTY, GEORGIA	CENSUSYR	2010
CARROLL COUNTY, GEORGIA	CENSUSYR	2010
CHATTAHOOCHEE COUNTY, GEORGIA	CENSUSYR	2010
BAKER COUNTY, GEORGIA	CENSUSYR	2010
CAMDEN COUNTY, GEORGIA	CENSUSYR	2010
BROOKS COUNTY, GEORGIA	CENSUSYR	2010
BRYAN COUNTY, GEORGIA	CENSUSYR	2010
BUTTS COUNTY, GEORGIA	CENSUSYR	2010
BALDWIN COUNTY, GEORGIA	CENSUSYR	2010
BACON COUNTY, GEORGIA	CENSUSYR	2010
CLINCH COUNTY, GEORGIA	CENSUSYR	2010
COFFEE COUNTY, GEORGIA	CENSUSYR	2010
CLARKE COUNTY, GEORGIA	CENSUSYR	2010
CHEROKEE COUNTY, GEORGIA	CENSUSYR	2010
CLAYTON COUNTY, GEORGIA	CENSUSYR	2010
DAWSON COUNTY, GEORGIA	CENSUSYR	2010
CHARLTON COUNTY, GEORGIA	CENSUSYR	2010
CATOOSA COUNTY, GEORGIA	CENSUSYR	2010
CANDLER COUNTY, GEORGIA	CENSUSYR	2010
CRISP COUNTY, GEORGIA	CENSUSYR	2010
COOK COUNTY, GEORGIA	CENSUSYR	2010
DADE COUNTY, GEORGIA	CENSUSYR	2010
DOUGLAS COUNTY, GEORGIA	CENSUSYR	2010
CRAWFORD COUNTY, GEORGIA	CENSUSYR	2010
COLQUITT COUNTY, GEORGIA	CENSUSYR	2010
COWETA COUNTY, GEORGIA	CENSUSYR	2010
COLUMBIA COUNTY, GEORGIA	CENSUSYR	2013
WINN PARISH, LOUISIANA	CENSUSYR	2010
TERREBONNE PARISH, LOUISIANA	CENSUSYR	2010
WEBSTER PARISH, LOUISIANA	CENSUSYR	2010
WEST BATON ROUGE PARISH, LOUISIANA	CENSUSYR	2010
WEST FELICIANA PARISH, LOUISIANA	CENSUSYR	2010
WASHINGTON PARISH, LOUISIANA	CENSUSYR	2010
WEST CARROLL PARISH, LOUISIANA	CENSUSYR	2010
VERMILION PARISH, LOUISIANA	CENSUSYR	2010
VERNON PARISH, LOUISIANA	CENSUSYR	2010
UNION PARISH, LOUISIANA	CENSUSYR	2010
ST. MARY PARISH, LOUISIANA	CENSUSYR	2010
TANGIPAHOA PARISH, LOUISIANA	CENSUSYR	2010
ST. MARTIN PARISH, LOUISIANA	CENSUSYR	2010
ST. LANDRY PARISH, LOUISIANA	CENSUSYR	2010
SAINT HELENA PARISH, LOUISIANA	CENSUSYR	2010
ST. JOHN THE BAPTIST PARISH, LOUISIANA	CENSUSYR	2014
ST. JAMES PARISH, LOUISIANA	CENSUSYR	2010
RICHLAND PARISH, LOUISIANA	CENSUSYR	2010
RED RIVER PARISH, LOUISIANA	CENSUSYR	2010
SABINE PARISH, LOUISIANA	CENSUSYR	2010
RAPIDES PARISH, LOUISIANA	CENSUSYR	2010
POINTE COUPEE PARISH, LOUISIANA	CENSUSYR	2010
MADISON PARISH, LOUISIANA	CENSUSYR	2010
NATCHITOCHES PARISH, LOUISIANA	CENSUSYR	2010
LIVINGSTON PARISH, LOUISIANA	CENSUSYR	2010
PLAQUEMINES PARISH, LOUISIANA	CENSUSYR	2010
MOREHOUSE PARISH, LOUISIANA	CENSUSYR	2010
LINCOLN PARISH, LOUISIANA	CENSUSYR	2010
LASALLE PARISH, LOUISIANA	CENSUSYR	2010
LAFAYETTE PARISH, LOUISIANA	CENSUSYR	2015
IBERIA PARISH, LOUISIANA	CENSUSYR	2010
JACKSON PARISH, LOUISIANA	CENSUSYR	2010
IBERVILLE PARISH, LOUISIANA	CENSUSYR	2010
GRANT PARISH, LOUISIANA	CENSUSYR	2010
ACADIA PARISH, LOUISIANA	CENSUSYR	2010
ALLEN PARISH, LOUISIANA	CENSUSYR	2010
AVOYELLES PARISH, LOUISIANA	CENSUSYR	2010
ASSUMPTION PARISH, LOUISIANA	CENSUSYR	2010
BIENVILLE PARISH, LOUISIANA	CENSUSYR	2010
BEAUREGARD PARISH, LOUISIANA	CENSUSYR	2010
CLAIBORNE PARISH, LOUISIANA	CENSUSYR	2010
CALCASIEU PARISH, LOUISIANA	CENSUSYR	2010
CALDWELL PARISH, LOUISIANA	CENSUSYR	2010
CONCORDIA PARISH, LOUISIANA	CENSUSYR	2010
BOSSIER PARISH, LOUISIANA	CENSUSYR	2010
CATAHOULA PARISH, LOUISIANA	CENSUSYR	2010
CAMERON PARISH, LOUISIANA	CENSUSYR	2010
EAST CARROLL PARISH, LOUISIANA	CENSUSYR	2010
DESOTO PARISH, LOUISIANA	CENSUSYR	2010
EAST BATON ROUGE PARISH, LOUISIANA	CENSUSYR	2010
FRANKLIN PARISH, LOUISIANA	CENSUSYR	2010
EAST FELICIANA PARISH, LOUISIANA	CENSUSYR	2010
JEFFERSON DAVIS PARISH, LOUISIANA	CENSUSYR	2010
EVANGELINE PARISH, LOUISIANA	CENSUSYR	2010
ST. CHARLES PARISH, LOUISIANA	CENSUSYR	2010
GREER COUNTY, TEXAS	CENSUSYR	1890
CADDO PARISH, LOUISIANA	CENSUSYR	2010
UNORGANIZED BOROUGH, ALASKA	CENSUSYR	2000
ENCINAL COUNTY, TEXAS	CENSUSYR	1890
BOYD COUNTY, KENTUCKY	CENSUSYR	2010
KNOX COUNTY, KENTUCKY	CENSUSYR	2010
KING WILLIAM COUNTY, VIRGINIA	CENSUSYR	2010
DAY COUNTY, OKLAHOMA TERRITORY	CENSUSYR	1900
MOORE COUNTY, TEXAS	CENSUSYR	2010
RUNNELS COUNTY, TEXAS	CENSUSYR	2010
DEKALB COUNTY, INDIANA	CENSUSYR	2010
DOñA ANA COUNTY, NEW MEXICO	CENSUSYR	2010
DE BACA COUNTY, NEW MEXICO	CENSUSYR	2010
OTTAWA COUNTY, OHIO	CENSUSYR	2010
BUCHEL COUNTY, TEXAS	CENSUSYR	1890
FOLEY COUNTY, TEXAS	CENSUSYR	1890
SCOTT COUNTY, INDIANA	CENSUSYR	2010
